first_name,last_name,college_G,college_GS,college_MP,FG_per100,FGA_per100,FG%_per100,2P_per100,2PA_per100,2P%_per100,3P_per100,3PA_per100,3P%_per100,FT_per100,FTA_per100,FT%_per100,TRB_per100,AST_per100,STL_per100,BLK_per100,TOV_per100,PF_per100,PTS_per100,ORtg_per100,DRtg_per100
markelle,fultz,25,25,892,12.9,27.1,0.47600000000000003,9.7,19.3,0.502,3.2,7.8,0.413,6.7,10.4,0.649,8.8,9.1,2.5,1.8,4.9,3.9,35.7,116.3,110.8
lonzo,ball,36,36,1263,8.1,14.6,0.551,4.7,6.4,0.732,3.4,8.3,0.41200000000000003,2.8,4.2,0.6729999999999979,9.2,11.7,2.8,1.2,3.8,2.8,22.4,131.3,100.7
jayson,tatum,29,27,966,9.8,21.6,0.452,7.4,14.7,0.504,2.4,6.9,0.342,7.0,8.2,0.8490000000000001,12.6,3.7,2.3,2.0,4.5,5.1,28.9,111.3,97.8
josh,jackson,35,35,1077,11.4,22.3,0.513,9.7,17.6,0.5489999999999979,1.8,4.7,0.377999999999998,5.1,9.0,0.5660000000000001,13.4,5.4,3.1,1.9,5.0,5.4,29.7,110.7,96.0
deaaron,fox,36,34,1064,10.8,22.6,0.479,9.9,19.1,0.521,0.9,3.5,0.24600000000000002,7.9,10.7,0.736,7.2,8.3,2.7,0.4,4.4,4.5,30.4,113.4,96.8
jonathan,isaac,32,32,839,8.5,16.8,0.508,6.5,11.0,0.593,2.0,5.8,0.348,6.0,7.7,0.78,16.5,2.4,2.4,3.2,3.2,4.6,25.1,122.2,93.6
lauri,markkanen,37,37,1140,9.6,19.6,0.49200000000000005,6.0,11.1,0.545,3.6,8.5,0.423,7.1,8.6,0.835,13.9,1.7,0.8,1.0,2.1,3.8,30.0,134.1,100.4
dennis,smithjr,32,32,1114,9.5,21.0,0.455,6.8,13.3,0.509,2.7,7.6,0.359,7.1,10.0,0.715,7.3,9.8,3.1,0.7,5.4,3.3,29.0,112.2,109.1
zach,collins,39,0,673,11.3,17.3,0.652,10.5,15.6,0.672,0.8,1.8,0.47600000000000003,9.2,12.4,0.743,19.2,1.3,1.5,5.8,5.0,8.8,32.6,125.1,79.4
malik,monk,38,37,1218,11.1,24.6,0.45,6.5,13.1,0.49700000000000005,4.6,11.6,0.397,6.5,7.9,0.8220000000000001,4.2,3.8,1.6,0.8,3.3,3.2,33.3,118.0,100.7
luke,kennard,37,36,1314,10.3,21.1,0.489,6.5,12.4,0.525,3.8,8.8,0.437999999999998,7.0,8.1,0.856,8.2,4.0,1.3,0.6,2.6,3.6,31.4,130.6,104.4
donovan,mitchell,34,33,1098,9.6,23.6,0.408,5.4,11.6,0.46299999999999897,4.2,12.0,0.354,4.6,5.7,0.8059999999999979,8.8,4.9,3.7,0.9,3.0,4.7,28.1,116.1,94.0
edrice,adebayo,38,38,1145,8.0,13.3,0.599,8.0,13.3,0.599,0.0,0.0,,7.2,11.1,0.653,14.3,1.5,1.2,2.7,3.0,4.6,23.2,123.6,95.7
justin,jackson,40,39,1281,11.3,25.6,0.442999999999998,6.8,13.4,0.51,4.5,12.2,0.37,4.2,5.6,0.748,8.0,4.9,1.3,0.4,3.0,2.4,31.4,121.0,102.2
justin,patton,35,34,885,12.4,18.4,0.6759999999999979,11.9,17.4,0.6829999999999979,0.5,0.9,0.532999999999998,2.8,5.4,0.517,13.5,2.5,1.9,3.1,3.7,6.0,28.1,119.8,96.0
dj,wilson,38,36,1155,8.9,16.5,0.537999999999998,6.7,10.6,0.631,2.2,6.0,0.373,2.7,3.3,0.833,11.0,2.7,1.1,3.1,2.3,3.9,22.7,123.9,102.9
tj,leaf,35,35,1048,12.1,19.6,0.617,10.7,16.6,0.644,1.4,3.0,0.466,3.7,5.5,0.679,14.8,4.4,1.1,2.0,2.7,4.6,29.3,130.6,101.2
john,collins,33,33,878,14.9,23.9,0.622,14.9,23.8,0.624,0.0,0.1,0.0,10.4,14.0,0.745,20.6,1.1,1.3,3.3,3.8,6.2,40.1,129.9,105.0
harry,giles,26,6,300,8.6,14.9,0.5770000000000001,8.6,14.9,0.5770000000000001,0.0,0.0,,2.3,4.6,0.5,19.1,1.7,1.7,3.2,3.4,11.1,19.5,115.1,96.6
jarrett,allen,33,33,1061,9.8,17.4,0.5660000000000001,9.8,17.0,0.579,0.0,0.4,0.0,4.6,8.2,0.564,15.3,1.5,1.0,2.8,4.6,3.7,24.3,104.8,99.9
og,anunoby,16,10,402,9.7,17.5,0.557,7.7,11.0,0.701,2.0,6.4,0.311,3.9,6.9,0.563,12.5,3.3,3.0,3.0,3.7,4.7,25.3,118.5,99.4
tyler,lydon,34,34,1227,7.3,15.3,0.473,4.9,9.4,0.523,2.4,6.0,0.395,4.7,5.6,0.836,14.1,3.4,1.7,2.4,2.8,4.0,21.5,121.3,102.7
caleb,swanigan,35,35,1139,11.1,21.1,0.527,9.2,16.8,0.5479999999999979,1.9,4.3,0.447,8.2,10.5,0.7809999999999979,21.9,5.4,0.8,1.4,5.9,4.9,32.4,116.0,92.7
kyle,kuzma,29,29,894,11.6,23.0,0.504,9.9,17.7,0.56,1.7,5.4,0.321,5.4,8.1,0.669,17.3,4.5,1.1,0.9,4.0,2.9,30.4,115.8,96.3
tony,bradley,38,0,553,10.1,17.7,0.573,10.1,17.7,0.573,0.0,0.0,,6.5,10.4,0.619,19.4,2.3,1.0,2.2,2.5,6.9,26.8,129.1,97.6
derrick,white,34,32,1116,10.7,21.0,0.507,7.7,13.5,0.569,3.0,7.5,0.396,7.7,9.5,0.813,7.2,7.7,2.2,2.5,4.2,3.7,32.0,124.9,104.0
josh,hart,36,35,1193,12.0,23.6,0.51,8.3,14.3,0.579,3.8,9.3,0.40399999999999797,6.5,8.7,0.747,11.7,5.4,2.9,0.5,3.6,4.1,34.3,125.0,94.6
frank,jackson,36,16,895,8.5,18.0,0.473,5.2,9.7,0.539,3.3,8.2,0.395,4.9,6.5,0.755,5.8,3.9,1.3,0.1,3.1,5.4,25.2,119.0,106.2
davon,reed,33,33,1165,8.5,19.7,0.433,4.3,9.2,0.474,4.2,10.6,0.397,4.8,5.7,0.833,8.4,4.2,2.3,0.8,3.6,2.8,26.0,115.9,100.2
wesley,iwundu,35,35,1098,8.1,16.9,0.48100000000000004,6.4,12.3,0.52,1.7,4.6,0.376,6.6,8.6,0.767,11.9,6.5,1.9,0.6,4.4,3.4,24.6,113.5,99.9
frank,mason,36,36,1301,10.4,21.2,0.49,6.8,13.7,0.5,3.5,7.5,0.47100000000000003,8.1,10.2,0.794,6.5,8.0,2.0,0.1,3.7,3.1,32.4,128.4,103.4
ivan,rabb,31,30,1012,9.0,18.6,0.484,8.5,17.4,0.49,0.5,1.2,0.4,7.4,11.1,0.662999999999999,19.3,2.9,1.3,1.8,4.0,5.7,25.9,109.9,91.6
semi,ojeleye,35,35,1195,11.0,22.6,0.48700000000000004,7.2,13.6,0.529,3.8,9.0,0.424,9.0,11.5,0.785,12.6,2.8,0.8,0.7,2.6,3.3,34.9,132.0,98.0
jordan,bell,39,38,1124,8.8,13.9,0.636,8.7,13.2,0.659,0.2,0.7,0.214,4.2,6.0,0.701,17.7,3.6,2.5,4.5,3.9,3.5,22.0,123.7,89.0
jawun,evans,32,32,936,12.4,28.3,0.437999999999998,10.3,22.7,0.452,2.1,5.6,0.379,9.1,11.2,0.812,6.5,12.0,3.3,0.2,5.3,4.3,36.0,118.7,108.2
dwayne,bacon,35,35,1008,12.1,26.7,0.452,9.0,17.4,0.516,3.1,9.3,0.33299999999999796,5.7,7.5,0.754,8.0,3.3,1.9,0.2,3.9,3.0,32.9,110.3,103.4
tyler,dorsey,39,39,1169,9.4,20.1,0.467,5.0,9.8,0.513,4.4,10.3,0.423,5.2,6.9,0.755,6.7,3.3,1.5,0.2,2.9,2.8,28.3,120.7,101.4
thomas,bryant,34,34,954,8.9,17.2,0.519,7.5,13.6,0.556,1.4,3.6,0.382999999999998,6.5,8.9,0.73,13.6,3.0,1.6,3.1,4.7,6.3,25.8,115.4,101.9
damyean,dotson,32,32,1098,11.2,23.8,0.47,5.2,10.3,0.505,6.0,13.5,0.442999999999998,2.4,2.9,0.83,12.3,2.0,1.6,0.3,1.8,2.9,30.8,126.8,98.3
dillon,brooks,35,27,886,13.5,27.6,0.488,9.8,18.3,0.532,3.7,9.3,0.401,6.2,8.3,0.754,7.4,6.2,2.5,1.0,4.7,6.4,36.9,116.0,97.9
sterling,brown,35,34,1143,8.8,19.3,0.45899999999999896,5.5,11.8,0.465,3.4,7.5,0.449,4.8,6.0,0.7909999999999979,12.5,5.8,2.7,1.0,3.8,5.0,25.8,119.6,92.0
ike,anigbogu,29,0,377,8.1,14.4,0.564,8.1,14.4,0.564,0.0,0.0,,3.3,6.1,0.535,16.7,0.9,0.7,5.0,3.4,10.3,19.6,109.0,98.4
sindarius,thornwell,31,31,1051,10.6,23.8,0.444,7.4,15.8,0.47100000000000003,3.2,8.0,0.392,11.7,14.1,0.83,12.0,4.7,3.6,1.6,4.1,3.9,36.0,122.1,88.8
monte,morris,35,35,1237,9.9,21.3,0.465,7.4,14.8,0.503,2.5,6.6,0.377999999999998,4.1,5.1,0.802,7.7,9.9,2.4,0.5,1.9,2.3,26.3,126.1,103.0
edmond,sumner,22,19,697,8.5,17.7,0.479,7.5,14.0,0.532999999999998,1.0,3.7,0.273,8.4,11.4,0.735,7.6,8.8,2.3,1.3,4.9,4.3,26.4,113.8,104.0
kadeem,allen,34,33,1020,6.2,13.8,0.45299999999999896,4.4,9.4,0.466,1.9,4.4,0.42700000000000005,5.0,6.8,0.741,8.0,5.9,3.1,1.2,3.8,4.8,19.3,111.3,96.3
alec,peters,29,29,1019,12.2,26.3,0.466,9.0,17.3,0.519,3.3,9.0,0.363,9.7,10.9,0.887,16.4,3.6,1.3,0.6,4.0,3.6,37.4,121.0,97.2
nigel,williams-goss,38,38,1248,9.9,20.4,0.486,8.0,15.2,0.527,1.9,5.3,0.368,7.1,8.2,0.867,10.2,8.1,2.9,0.1,3.7,2.7,28.9,122.0,86.3
jabari,bird,27,25,863,9.8,22.2,0.44,5.2,9.8,0.536,4.5,12.4,0.365,2.9,3.8,0.764,8.9,2.0,1.3,0.4,3.5,3.6,27.1,108.2,98.1
jaron,blossomgame,33,33,1133,11.5,23.0,0.499,10.2,18.1,0.565,1.3,4.9,0.255,6.3,8.8,0.7140000000000001,10.8,2.7,1.4,1.6,2.9,2.8,30.4,115.5,107.1
ben,simmons,33,32,1151,10.3,18.4,0.56,10.3,18.3,0.561,0.0,0.1,0.33299999999999796,9.5,14.2,0.67,18.5,7.5,3.1,1.3,5.3,4.4,30.1,117.2,98.4
brandon,ingram,36,34,1246,10.0,22.7,0.442,6.3,13.6,0.46399999999999897,3.8,9.2,0.41,5.4,8.0,0.682,11.5,3.4,1.9,2.3,3.4,3.5,29.3,114.7,104.4
jaylen,brown,34,34,939,10.2,23.6,0.431,8.3,17.2,0.48200000000000004,1.9,6.4,0.294,8.9,13.5,0.654,11.4,4.2,1.7,1.4,6.6,6.7,31.1,98.4,97.1
kris,dunn,33,32,1088,9.7,21.6,0.447999999999998,7.5,15.7,0.47700000000000004,2.2,5.9,0.37200000000000005,6.9,10.0,0.695,9.3,10.8,4.3,1.1,6.1,4.9,28.5,106.1,94.8
buddy,hield,37,37,1309,12.9,25.8,0.501,6.6,12.0,0.552,6.3,13.8,0.457,7.6,8.6,0.88,9.1,3.2,1.8,0.8,4.9,3.3,39.7,123.8,101.5
jamal,murray,36,36,1267,11.3,24.9,0.45399999999999896,6.1,12.1,0.502,5.2,12.8,0.408,5.5,7.0,0.7829999999999979,8.6,3.7,1.6,0.5,3.9,3.5,33.3,120.2,102.6
marquese,chriss,34,34,848,10.8,20.5,0.53,9.6,16.8,0.568,1.3,3.6,0.35,5.3,7.8,0.682,11.1,1.6,1.9,3.3,4.2,8.4,28.3,112.0,102.2
jakob,poeltl,36,36,1093,12.3,19.1,0.645999999999999,12.3,19.1,0.645999999999999,0.0,0.0,,8.9,12.9,0.6890000000000001,17.7,3.8,1.1,3.0,4.0,4.5,33.5,128.8,98.5
domantas,sabonis,36,31,1149,12.2,20.0,0.611,12.0,19.3,0.621,0.3,0.7,0.35700000000000004,7.7,10.0,0.769,21.8,3.3,1.1,1.6,4.7,5.9,32.3,124.6,91.2
taurean,prince,34,34,1040,10.6,24.6,0.43200000000000005,7.6,16.3,0.469,3.0,8.4,0.361,6.4,8.3,0.774,11.7,4.4,2.4,1.4,5.2,4.9,30.7,109.7,102.7
denzel,valentine,31,30,1022,12.0,26.0,0.462,5.9,12.3,0.48100000000000004,6.1,13.7,0.444,4.7,5.6,0.853,13.6,14.1,1.9,0.4,5.0,3.0,34.8,127.2,94.0
wade,baldwin,33,30,1002,7.8,18.3,0.42700000000000005,5.4,12.4,0.43700000000000006,2.4,5.8,0.406,9.0,11.2,0.799,7.6,9.9,2.3,0.6,5.3,4.9,26.9,112.7,97.8
henry,ellenson,33,33,1107,9.7,21.7,0.446,8.2,16.5,0.495,1.5,5.2,0.28800000000000003,7.1,9.5,0.7490000000000001,16.0,2.9,1.4,2.4,3.9,4.2,28.0,106.3,98.5
malik,beasley,34,33,1014,10.2,21.6,0.47100000000000003,7.1,13.8,0.518,3.0,7.8,0.387,5.7,7.0,0.813,9.9,2.8,1.8,0.3,3.2,4.1,29.1,117.5,105.5
caris,levert,15,14,464,10.7,21.2,0.506,6.9,12.7,0.546,3.8,8.5,0.446,7.1,8.9,0.794,10.5,9.7,2.0,0.4,3.3,2.4,32.3,129.2,102.0
deandre,bembry,36,35,1341,10.1,21.1,0.479,8.7,15.7,0.552999999999999,1.4,5.4,0.266,5.0,7.6,0.657,11.8,6.8,2.2,1.3,3.1,3.7,26.6,113.1,97.7
malachi,richardson,37,37,1272,7.4,19.9,0.369,3.5,9.1,0.387999999999998,3.8,10.8,0.353,5.5,7.6,0.72,7.6,3.7,2.0,0.5,3.8,4.4,24.0,102.6,102.3
brice,johnson,40,39,1121,14.6,23.6,0.617,14.6,23.6,0.617,0.0,0.0,,7.8,9.8,0.794,21.1,2.9,2.2,3.0,3.6,5.4,37.0,130.2,92.3
pascal,siakam,34,34,1176,14.0,26.0,0.539,13.9,25.3,0.5489999999999979,0.2,0.8,0.2,7.0,10.3,0.6779999999999979,20.2,3.0,1.7,3.8,3.4,4.7,35.2,119.6,86.7
skal,labissiere,36,18,567,10.1,19.6,0.516,10.1,19.4,0.521,0.0,0.2,0.0,4.2,6.4,0.660999999999999,11.7,1.1,0.9,6.1,3.4,11.2,24.5,107.8,96.9
dejounte,murray,34,34,1139,9.1,21.9,0.41600000000000004,7.6,16.6,0.457,1.5,5.3,0.28800000000000003,5.0,7.5,0.662999999999999,9.2,6.8,2.8,0.5,5.0,4.1,24.7,99.7,102.1
damian,jones,33,33,866,12.3,20.9,0.59,12.3,20.6,0.595,0.0,0.2,0.0,6.0,11.2,0.536,15.2,2.5,0.5,3.6,4.3,7.2,30.6,110.4,95.8
deyonta,davis,35,16,650,10.9,18.3,0.598,10.9,18.3,0.598,0.0,0.0,,2.1,3.5,0.605,17.6,2.4,0.8,5.9,2.8,7.4,24.0,121.4,90.9
cheick,diallo,27,1,202,9.4,16.5,0.569,9.4,16.5,0.569,0.0,0.0,,4.3,7.7,0.556,19.3,0.3,2.0,6.5,4.8,10.8,23.0,101.2,85.5
tyler,ulis,35,35,1288,8.7,20.1,0.434,6.2,12.8,0.486,2.5,7.3,0.344,7.6,8.9,0.856,4.8,11.2,2.3,0.2,3.1,2.9,27.6,128.8,103.4
malcolm,brogdon,37,37,1263,11.8,25.9,0.457,8.0,16.0,0.498,3.9,9.9,0.391,7.2,8.0,0.897,7.7,5.9,1.8,0.5,2.7,3.9,34.7,122.3,99.9
chinanu,onuaku,31,29,762,10.8,17.5,0.62,10.8,17.4,0.623,0.0,0.1,0.0,2.6,4.4,0.589,20.8,4.0,1.9,4.9,5.1,7.3,24.3,114.7,84.9
patrick,mccaw,33,32,1113,8.2,17.5,0.465,4.9,8.5,0.5710000000000001,3.3,9.0,0.366,4.0,5.1,0.774,8.2,6.2,3.9,0.6,3.3,3.5,23.6,117.2,95.9
diamond,stone,35,22,807,12.3,21.6,0.568,12.3,21.6,0.568,0.0,0.0,,7.5,9.8,0.760999999999999,13.8,1.1,1.3,4.0,3.9,5.9,32.0,118.3,97.9
stephen,zimmermanjr,26,24,680,8.1,17.0,0.47700000000000004,7.7,15.7,0.49200000000000005,0.4,1.4,0.294,5.0,8.0,0.624,18.0,1.7,1.1,4.1,4.3,6.3,21.6,98.7,92.7
isaiah,whitehead,34,33,1098,10.0,26.4,0.379,5.8,14.9,0.39,4.2,11.4,0.365,7.7,10.1,0.76,6.3,8.9,2.1,2.5,6.1,4.0,31.8,104.4,97.4
demetrius,jackson,35,35,1258,10.4,22.5,0.46299999999999897,7.5,13.9,0.541,2.9,8.7,0.33899999999999797,5.8,7.2,0.81,5.9,8.0,2.1,0.5,3.7,3.3,29.6,117.9,112.2
aj,hammons,33,20,813,14.4,24.4,0.5920000000000001,14.0,23.6,0.594,0.4,0.8,0.545,6.5,9.2,0.7090000000000001,19.6,2.7,0.7,6.1,4.7,5.7,35.9,117.7,88.7
jake,layman,36,36,1112,7.5,14.9,0.5,4.4,7.3,0.61,3.0,7.7,0.396,4.2,5.1,0.8320000000000001,10.1,2.2,2.1,1.9,3.3,3.7,22.2,118.0,98.4
michael,gbinije,37,37,1403,9.9,21.4,0.461,5.9,11.2,0.525,4.0,10.2,0.391,4.7,7.0,0.662999999999999,6.6,7.0,3.1,0.6,4.6,4.3,28.4,113.3,101.7
georges,niang,35,35,1162,13.6,24.9,0.546,10.9,18.0,0.605,2.7,6.9,0.392,4.6,5.7,0.807,10.5,5.6,1.5,1.1,4.4,5.3,34.5,118.6,104.7
ben,bentil,35,33,1198,11.7,25.4,0.462,9.3,17.9,0.517,2.5,7.5,0.32899999999999796,9.3,11.8,0.782,12.8,1.9,1.4,1.7,3.2,4.6,35.2,115.6,99.8
joel,bolomboy,33,33,1041,10.8,18.9,0.573,9.7,15.8,0.613,1.1,3.1,0.364,8.9,12.8,0.6970000000000001,23.2,2.0,1.3,2.2,4.4,4.1,31.6,121.0,90.0
kahlil,felder,35,35,1286,11.2,25.4,0.44,8.0,16.5,0.485,3.2,8.9,0.355,9.9,11.7,0.848,6.2,13.5,2.9,0.3,5.0,4.3,35.4,122.8,105.8
marcus,paige,34,34,1075,7.8,19.6,0.397,3.7,7.9,0.46,4.1,11.6,0.355,4.3,5.5,0.7959999999999979,4.6,6.7,2.1,0.8,2.2,2.7,24.0,121.9,104.7
daniel,hamilton,36,36,1147,8.4,21.6,0.387,5.9,14.2,0.41600000000000004,2.5,7.5,0.331,4.5,5.3,0.86,16.9,8.9,2.0,0.8,4.5,3.5,23.7,103.9,89.7
abdel,nader,35,35,1088,8.3,17.3,0.478,5.6,10.1,0.552999999999999,2.7,7.2,0.371,4.0,5.4,0.736,8.9,2.8,1.9,1.2,4.1,5.0,23.2,105.4,104.2
isaiah,cousins,37,37,1232,7.7,19.0,0.406,4.7,11.8,0.40299999999999797,3.0,7.2,0.41100000000000003,3.0,4.4,0.67,7.5,7.7,2.3,0.5,4.0,2.9,21.4,106.1,101.2
tyrone,wallace,28,25,901,9.8,22.3,0.44,8.2,16.8,0.486,1.6,5.5,0.298,6.5,10.0,0.649,9.6,8.0,1.8,0.8,4.8,4.1,27.8,106.6,98.8
karl-anthony,towns,39,39,822,11.1,19.5,0.5660000000000001,10.9,18.9,0.5770000000000001,0.2,0.6,0.25,8.3,10.2,0.813,19.9,3.4,1.4,6.7,4.0,8.8,30.6,126.8,78.1
dangelo,russell,35,34,1188,11.8,26.3,0.449,6.9,14.5,0.479,4.8,11.8,0.41100000000000003,6.0,8.0,0.755999999999999,10.1,8.9,2.8,0.6,5.2,3.8,34.4,115.7,94.5
jahlil,okafor,38,38,1143,14.8,22.3,0.664,14.8,22.3,0.664,0.0,0.0,,5.3,10.3,0.51,17.1,2.6,1.5,2.9,5.0,4.3,34.9,119.9,95.4
willie,cauley-stein,39,38,1012,8.4,14.6,0.5720000000000001,8.4,14.6,0.5720000000000001,0.0,0.0,,4.9,7.9,0.617,15.6,2.4,2.9,4.2,3.0,4.8,21.6,119.8,80.0
stanley,johnson,38,37,1081,9.7,21.7,0.446,7.3,15.2,0.478,2.4,6.5,0.371,7.3,9.9,0.742,13.7,3.5,3.2,0.8,4.6,5.6,29.1,111.1,87.6
frank,kaminsky,39,39,1311,13.7,25.0,0.547,11.5,19.9,0.581,2.2,5.2,0.41600000000000004,8.0,10.3,0.78,16.4,5.3,1.7,2.9,3.2,3.3,37.6,129.6,92.6
justise,winslow,39,39,1135,9.2,19.0,0.486,6.8,13.1,0.516,2.5,5.9,0.418,5.3,8.3,0.640999999999999,13.5,4.4,2.8,1.8,3.8,5.8,26.3,115.2,92.8
myles,turner,34,7,755,9.9,21.6,0.455,8.4,16.4,0.513,1.4,5.2,0.274,7.9,9.4,0.839,18.7,1.7,0.8,7.5,4.0,6.9,29.1,112.6,86.3
trey,lyles,36,21,828,8.9,18.2,0.488,8.6,16.0,0.536,0.3,2.2,0.138,5.7,7.7,0.735,14.2,2.9,1.4,1.2,3.1,4.3,23.7,115.9,86.3
devin,booker,38,0,816,10.4,22.1,0.47,5.9,11.2,0.527,4.5,10.8,0.41100000000000003,4.1,4.9,0.828,5.8,3.2,1.3,0.2,2.8,4.5,29.3,123.1,92.2
cameron,payne,35,35,1127,12.9,28.3,0.456,8.5,16.5,0.513,4.4,11.7,0.377,7.0,8.9,0.787,6.8,11.0,3.6,0.9,4.6,3.8,37.2,122.5,99.0
kelly,oubre,36,27,756,8.7,19.7,0.444,6.0,12.1,0.49700000000000005,2.7,7.5,0.358,6.3,8.7,0.718,14.2,2.2,3.3,1.0,3.4,5.6,26.4,112.0,92.6
terry,rozier,36,35,1260,10.4,25.2,0.41100000000000003,8.0,17.6,0.456,2.3,7.6,0.306,6.7,8.5,0.79,9.7,5.2,3.5,0.3,3.8,3.0,29.8,108.3,90.4
rashad,vaughn,23,23,742,11.9,27.1,0.439,7.4,15.5,0.48100000000000004,4.5,11.7,0.382999999999998,5.6,8.1,0.6940000000000001,9.2,3.0,1.5,0.7,4.1,4.5,33.9,103.6,100.4
sam,dekker,40,40,1239,11.6,22.0,0.525,8.8,13.8,0.639,2.7,8.2,0.331,4.3,6.1,0.708,11.9,2.7,1.1,1.0,2.0,2.3,30.2,128.6,99.8
jerian,grant,38,38,1408,9.1,19.0,0.478,6.9,12.0,0.5720000000000001,2.2,7.0,0.316,7.6,9.7,0.78,5.1,11.3,2.8,0.8,3.7,3.3,28.0,125.6,104.0
delon,wright,35,35,1165,9.0,17.8,0.509,7.6,13.8,0.553999999999999,1.4,4.0,0.35600000000000004,8.4,10.0,0.836,9.5,9.8,4.0,1.9,3.7,2.7,27.9,129.8,87.7
justin,anderson,26,22,724,9.7,20.8,0.466,5.3,11.0,0.479,4.4,9.8,0.452,6.0,7.7,0.78,9.9,4.2,1.6,1.3,2.9,2.8,29.9,123.5,89.4
bobby,portis,36,36,1076,13.3,24.7,0.536,12.5,23.1,0.541,0.7,1.6,0.467,6.1,8.3,0.737,17.0,2.2,2.1,2.7,3.0,4.1,33.3,122.0,96.9
rondae,hollis-jefferson,38,25,1090,7.6,15.2,0.502,7.3,13.6,0.537,0.3,1.6,0.207,8.0,11.3,0.7070000000000001,14.3,3.3,2.4,1.8,3.3,5.2,23.6,118.5,87.8
tyus,jones,39,39,1322,6.2,14.9,0.41700000000000004,4.0,9.2,0.44,2.2,5.7,0.379,6.6,7.4,0.889,6.3,10.0,2.7,0.1,3.5,2.1,21.2,125.0,99.2
jarell,martin,33,32,1159,10.0,19.7,0.509,9.3,17.1,0.545,0.7,2.6,0.268999999999999,6.9,10.1,0.69,15.1,2.9,1.9,1.1,4.6,4.6,27.7,109.8,94.2
larry,nance,31,30,1082,11.7,22.8,0.514,10.8,20.2,0.537999999999998,0.9,2.7,0.33299999999999796,7.2,9.2,0.7859999999999979,14.2,4.8,2.3,2.3,4.4,4.4,31.6,109.6,90.6
rj,hunter,35,35,1294,9.8,24.7,0.395,5.9,12.1,0.488,3.8,12.6,0.305,9.7,11.1,0.878,7.9,6.1,3.6,1.7,3.7,4.1,33.1,115.4,95.5
chris,mccullough,16,16,450,7.3,15.2,0.478,7.1,15.1,0.473,0.1,0.1,1.0,5.4,9.6,0.563,14.8,2.4,3.6,4.4,4.7,5.5,20.1,95.7,88.6
kevon,looney,36,36,1113,8.1,17.1,0.47,6.9,14.3,0.48100000000000004,1.2,2.8,0.415,4.9,7.8,0.626,17.7,2.7,2.5,1.7,2.4,5.6,22.2,116.5,97.0
montrezl,harrell,35,35,1229,10.6,18.7,0.5660000000000001,10.1,16.8,0.602,0.4,1.8,0.243,5.7,9.5,0.597,15.9,2.4,1.6,2.1,3.4,3.7,27.3,117.4,90.3
jordan,mickey,31,31,1081,10.1,20.1,0.504,10.1,19.7,0.514,0.1,0.5,0.111,5.0,7.8,0.645999999999999,16.4,2.1,1.5,6.0,5.4,4.3,25.4,99.7,90.2
anthony,brown,37,36,1320,8.1,18.9,0.431,4.5,10.6,0.424,3.7,8.3,0.441,5.4,6.8,0.795,11.8,4.3,1.3,0.3,3.3,3.6,25.3,116.8,102.3
rakeem,christmas,31,31,1064,11.6,20.9,0.552,11.6,20.9,0.552999999999999,0.0,0.1,0.0,7.7,10.9,0.7120000000000001,16.0,2.7,1.7,4.4,4.4,6.0,30.8,113.6,92.5
richaun,holmes,31,30,892,11.6,20.6,0.563,10.3,17.6,0.588,1.3,3.0,0.419,7.7,10.8,0.7120000000000001,17.4,1.8,1.5,5.8,4.2,5.4,32.1,119.6,92.7
darrun,hilliard,35,35,1007,10.4,23.6,0.44,5.6,11.1,0.5,4.8,12.5,0.387,5.0,6.3,0.7959999999999979,6.7,4.5,3.8,0.7,2.6,4.8,30.6,119.5,92.8
josh,richardson,32,32,1162,10.4,22.4,0.461,7.8,15.2,0.509,2.6,7.2,0.359,5.6,7.0,0.7979999999999979,8.0,6.5,3.8,0.9,4.8,4.4,28.9,112.9,103.1
pat,connaughton,38,38,1351,7.7,16.5,0.466,3.4,6.3,0.537,4.3,10.2,0.423,2.3,3.0,0.7809999999999979,13.1,2.6,1.3,1.7,2.0,3.5,22.1,122.1,101.0
olivier,hanlan,32,31,1204,11.7,25.8,0.45399999999999896,8.3,16.2,0.513,3.4,9.6,0.353,5.7,7.5,0.759,7.0,7.0,2.1,0.1,4.4,3.5,32.5,109.3,106.3
joseph,young,36,35,1322,11.8,26.3,0.447999999999998,7.7,15.0,0.516,4.0,11.3,0.35700000000000004,5.5,6.0,0.925,7.1,6.0,1.8,0.0,3.9,2.3,33.1,115.4,106.2
andrew,harrison,39,39,994,6.4,16.9,0.377999999999998,4.1,10.9,0.376,2.3,5.9,0.382999999999998,8.0,10.0,0.792,5.5,8.8,2.5,0.5,4.0,4.4,23.0,115.2,89.2
marcus,thornton,33,33,1210,11.0,24.1,0.456,5.8,11.2,0.518,5.2,13.0,0.402,6.5,7.8,0.83,4.7,4.9,1.1,0.2,3.9,1.8,33.7,115.5,109.7
norman,powell,36,36,1244,10.2,22.3,0.456,8.4,16.6,0.503,1.8,5.7,0.319,6.1,8.1,0.750999999999999,8.1,3.6,3.2,0.8,3.8,4.3,28.2,107.4,99.8
dakari,johnson,39,0,635,7.8,15.4,0.506,7.8,15.4,0.506,0.0,0.0,,8.9,14.2,0.625,17.7,2.9,1.4,3.6,4.1,6.8,24.5,113.9,82.6
aaron,white,34,34,1070,9.9,19.0,0.521,8.7,15.6,0.557999999999999,1.2,3.4,0.35600000000000004,11.3,13.8,0.8190000000000001,14.4,2.8,2.6,0.9,2.4,3.1,32.4,133.9,94.2
tyler,harvey,32,32,1182,11.4,24.3,0.469,5.1,9.6,0.528,6.3,14.7,0.431,7.4,8.7,0.852,5.7,4.1,1.8,0.2,3.2,3.0,36.6,129.1,112.2
sirdominic,pointer,33,32,1143,9.1,17.3,0.524,9.0,16.0,0.56,0.1,1.3,0.08,5.2,7.1,0.725,13.1,5.1,3.3,4.1,3.4,5.1,23.4,113.8,94.2
cady,lalanne,32,32,929,8.7,15.7,0.552,8.5,14.6,0.5820000000000001,0.2,1.1,0.16699999999999804,5.7,9.0,0.636,19.2,0.6,1.2,3.8,5.0,5.5,23.3,104.8,98.7
branden,dawson,35,32,1055,11.0,20.5,0.535,11.0,20.5,0.535,0.0,0.0,,3.1,6.3,0.49,19.1,3.6,2.5,3.5,4.0,4.3,25.0,106.6,91.1
jp,tokoto,38,34,1106,6.1,14.2,0.428,5.4,12.5,0.435,0.6,1.7,0.375,3.8,6.1,0.615,11.1,8.5,2.9,0.7,4.4,4.8,16.5,103.8,98.1
andrew,wiggins,35,35,1148,9.6,21.4,0.447999999999998,7.4,15.0,0.493,2.2,6.4,0.341,8.9,11.5,0.775,10.4,2.7,2.1,1.7,4.1,4.8,30.3,116.1,102.8
jabari,parker,35,35,1074,13.5,28.4,0.473,11.3,22.4,0.504,2.2,6.0,0.358,9.1,12.2,0.748,17.4,2.3,2.1,2.5,4.6,4.7,38.2,115.0,99.3
aaron,gordon,38,38,1187,9.9,20.1,0.495,9.1,17.7,0.513,0.8,2.4,0.35600000000000004,4.0,9.5,0.42200000000000004,15.9,3.9,1.8,2.1,2.9,4.7,24.7,108.9,88.6
marcus,smart,31,31,1014,9.2,21.9,0.42200000000000004,6.5,12.6,0.514,2.8,9.3,0.299,10.3,14.2,0.728,10.4,8.4,5.0,1.0,4.7,5.2,31.6,114.3,92.3
julius,randle,40,40,1233,9.6,19.2,0.501,9.5,18.3,0.517,0.1,0.9,0.16699999999999804,10.0,14.2,0.706,20.5,2.8,1.0,1.5,5.0,4.5,29.5,115.9,97.8
nik,stauskas,36,36,1281,9.2,19.7,0.47,4.6,9.3,0.5,4.6,10.4,0.442,8.4,10.2,0.8240000000000001,5.2,5.9,1.0,0.5,3.3,2.3,31.5,127.9,109.0
noah,vonleh,30,29,794,8.3,15.8,0.523,7.1,13.4,0.53,1.2,2.4,0.485,7.0,9.8,0.716,19.7,1.3,1.9,3.0,4.7,5.9,24.8,113.0,91.7
elfrid,payton,35,34,1258,10.6,20.8,0.509,10.0,18.4,0.541,0.6,2.4,0.259,8.2,13.5,0.609,9.4,9.3,3.6,0.9,5.7,3.7,30.1,113.7,102.5
doug,mcdermott,35,35,1181,17.1,32.5,0.526,12.1,21.4,0.5670000000000001,5.0,11.1,0.449,9.2,10.7,0.8640000000000001,12.7,2.9,0.4,0.3,3.2,3.5,48.4,127.4,106.0
zach,lavine,37,1,904,8.0,18.2,0.441,5.0,10.1,0.494,3.0,8.1,0.375,3.0,4.3,0.691,5.9,4.2,2.1,0.4,2.7,4.6,22.1,109.1,104.0
tj,warren,35,35,1238,17.0,32.5,0.525,15.5,26.7,0.58,1.5,5.8,0.267,7.8,11.3,0.69,12.4,2.0,3.1,1.0,4.1,4.8,43.4,116.6,103.6
adreian,payne,31,28,870,12.4,24.7,0.503,9.3,17.4,0.536,3.1,7.2,0.423,7.6,9.6,0.79,15.7,2.9,1.0,2.0,4.4,5.6,35.5,116.5,97.6
james,young,40,39,1296,8.6,21.1,0.40700000000000003,4.7,10.1,0.47,3.8,11.0,0.349,5.9,8.3,0.706,8.0,3.1,1.4,0.4,3.5,3.9,26.8,114.8,104.3
tyler,ennis,34,34,1215,8.1,19.6,0.41100000000000003,6.4,15.0,0.429,1.6,4.6,0.353,6.2,8.1,0.765,6.3,10.2,3.9,0.3,3.2,3.8,24.0,117.4,98.7
gary,harris,35,34,1131,10.5,24.4,0.429,6.1,12.1,0.507,4.3,12.3,0.35200000000000004,6.2,7.6,0.81,7.5,5.0,3.4,0.8,3.2,3.9,31.4,116.9,99.3
mitch,mcgary,8,4,198,9.7,17.8,0.545,9.7,17.1,0.5660000000000001,0.0,0.6,0.0,5.2,7.8,0.667,21.3,3.9,4.9,1.9,4.2,8.1,24.6,116.3,91.3
jordan,adams,36,36,1082,11.0,22.6,0.485,8.2,14.9,0.551,2.7,7.7,0.35600000000000004,8.3,10.0,0.836,10.1,4.4,5.0,0.3,2.9,4.1,33.0,125.1,96.9
rodney,hood,35,33,1150,10.2,21.9,0.46399999999999897,6.4,12.9,0.494,3.8,9.0,0.42,5.8,7.2,0.807,7.3,4.0,1.3,0.5,2.9,4.8,29.9,122.5,107.0
shabazz,napier,40,40,1404,9.3,21.6,0.429,5.5,12.2,0.447999999999998,3.8,9.3,0.405,9.0,10.3,0.87,10.2,8.5,3.2,0.6,5.0,3.7,31.3,118.9,94.9
pj,hairston,34,14,804,11.0,25.6,0.431,4.9,10.0,0.486,6.2,15.6,0.396,6.1,7.9,0.779,10.2,3.2,3.0,1.0,2.7,4.4,34.4,123.2,98.1
cj,wilcox,32,31,1116,10.3,22.7,0.45299999999999896,5.6,10.7,0.522,4.7,12.0,0.391,5.4,6.2,0.873,6.2,4.2,1.7,1.7,2.8,3.9,30.7,121.9,110.0
josh,huestis,36,36,1266,7.4,16.3,0.451,6.1,12.7,0.483,1.2,3.6,0.33799999999999797,3.0,4.8,0.627,13.9,2.0,1.0,3.3,2.0,3.6,18.9,110.2,100.7
kyle,anderson,36,36,1196,8.6,18.0,0.48,7.3,15.2,0.48,1.3,2.8,0.483,6.5,8.9,0.737,15.0,11.1,3.1,1.3,5.3,2.9,25.2,113.4,95.4
kj,mcdaniels,36,35,1212,11.5,25.1,0.45899999999999896,9.2,17.5,0.527,2.3,7.6,0.304,8.5,10.1,0.8420000000000001,14.1,3.1,2.3,5.5,4.6,4.4,33.9,114.4,90.8
joe,harris-,37,37,1066,9.2,21.0,0.441,4.8,9.8,0.48700000000000004,4.5,11.2,0.4,4.5,7.1,0.64,6.8,5.2,2.2,0.5,3.0,5.5,27.5,116.0,94.7
cleanthony,early,36,36,986,11.8,24.3,0.484,7.6,13.1,0.579,4.1,11.1,0.373,9.5,11.3,0.8440000000000001,13.4,1.7,1.8,1.8,4.4,5.2,37.2,121.3,91.4
jarnell,stokes,37,37,1199,10.6,19.9,0.531,10.6,19.9,0.531,0.0,0.0,,8.5,12.2,0.696,20.8,4.0,1.4,1.8,4.1,3.9,29.6,121.9,95.4
johnny,obryant,34,34,1020,11.3,22.9,0.494,11.2,22.7,0.495,0.1,0.2,0.33299999999999796,6.6,10.4,0.634,14.6,3.1,1.0,1.7,6.0,6.0,29.2,101.1,102.7
deandre,daniels,38,38,1103,10.4,22.2,0.469,7.6,15.6,0.491,2.8,6.6,0.41700000000000004,3.9,4.9,0.787,12.6,0.9,1.4,3.0,3.1,5.0,27.4,110.0,95.6
spencer,dinwiddie,17,17,529,6.9,14.8,0.466,3.9,7.7,0.515,2.9,7.1,0.413,11.5,13.4,0.857,5.9,7.2,2.9,0.5,3.4,3.6,28.2,135.3,102.0
jerami,grant,32,20,1005,8.8,17.6,0.496,8.8,17.3,0.506,0.0,0.3,0.0,7.9,11.7,0.674,14.3,2.9,1.7,1.2,2.4,4.9,25.4,120.4,98.7
glenn,robinson,37,37,1194,9.8,20.0,0.488,8.0,14.2,0.562,1.8,5.8,0.306,4.7,6.2,0.757,8.8,2.4,1.9,0.6,2.5,3.0,26.0,116.2,105.9
nick,johnson,38,38,1257,10.2,23.5,0.43200000000000005,7.1,15.2,0.469,3.1,8.4,0.36700000000000005,7.3,9.3,0.7809999999999979,7.7,5.3,2.1,1.2,3.2,3.8,30.7,117.0,92.4
markel,brown,34,34,1201,9.1,19.3,0.473,6.5,12.3,0.525,2.6,6.9,0.379,7.1,9.3,0.768,8.6,4.7,1.6,1.7,2.6,4.1,28.0,121.7,100.4
dwight,powell,36,36,1167,8.9,19.4,0.462,8.4,17.4,0.485,0.5,2.0,0.256,7.4,10.8,0.687,12.6,5.7,2.4,1.5,5.3,5.8,25.8,104.3,99.6
jordan,clarkson,35,35,1228,10.4,23.1,0.447999999999998,8.8,17.5,0.501,1.6,5.6,0.281,8.0,9.7,0.831,6.6,5.8,1.9,0.3,4.6,3.8,30.3,112.7,108.2
russ,smith,37,36,1084,12.0,25.7,0.467999999999999,8.3,16.0,0.517,3.7,9.7,0.387,8.2,11.6,0.705,6.5,9.2,4.0,0.2,5.6,4.9,36.0,116.9,89.8
lamar,patterson,36,36,1174,11.0,25.0,0.441,6.7,13.8,0.484,4.4,11.2,0.387999999999998,7.2,9.5,0.754,9.5,8.4,2.8,0.7,5.1,4.0,33.6,115.4,97.7
cameron,bairstow,34,34,1119,12.9,23.2,0.556,12.9,23.1,0.557999999999999,0.1,0.2,0.33299999999999796,11.9,16.2,0.735,13.7,2.9,1.0,2.8,3.7,3.9,37.8,122.9,99.6
alec,brown,30,30,909,10.7,22.5,0.47600000000000003,8.0,16.0,0.498,2.7,6.5,0.42,5.7,7.9,0.727,11.1,1.9,1.0,6.1,4.2,4.4,29.9,110.2,95.1
semaj,christon,34,34,1200,10.2,21.3,0.479,9.2,18.8,0.491,1.0,2.5,0.387999999999998,8.0,11.9,0.667999999999999,4.6,7.2,2.3,0.4,4.5,3.7,29.3,109.9,106.4
roy,devyn-marble,33,33,995,10.5,25.1,0.42,7.5,16.5,0.456,3.0,8.6,0.349,8.2,11.4,0.7140000000000001,6.1,6.8,3.5,0.4,3.3,3.7,32.2,116.2,100.8
jordan,mcrae,37,37,1190,11.9,27.4,0.436,7.7,15.4,0.502,4.2,12.0,0.35100000000000003,8.9,11.3,0.7879999999999979,6.9,4.9,1.3,2.0,4.1,4.2,37.0,119.2,100.7
xavier,thames,36,36,1126,10.4,25.4,0.41100000000000003,7.1,16.3,0.43200000000000005,3.4,9.1,0.374,10.9,13.1,0.8340000000000001,5.8,6.4,3.3,0.3,2.8,3.9,35.2,124.8,91.6
cory,jefferson,38,38,1103,10.4,20.8,0.5,9.6,18.6,0.515,0.8,2.1,0.368,7.7,12.1,0.64,17.6,2.1,0.8,2.8,2.9,4.7,29.3,119.9,102.7
anthony,bennett,35,31,950,12.3,23.1,0.532999999999998,10.1,17.3,0.5870000000000001,2.2,5.9,0.375,7.6,10.8,0.701,17.4,2.1,1.5,2.6,4.0,4.9,34.4,117.6,89.6
victor,oladipo,36,36,1021,10.6,17.7,0.599,8.9,13.8,0.644,1.8,4.0,0.441,5.7,7.6,0.746,13.3,4.3,4.6,1.6,4.8,5.2,28.7,125.7,87.3
otto,porter,31,30,1097,9.8,20.4,0.48,7.3,14.5,0.504,2.5,6.0,0.42200000000000004,7.1,9.2,0.777,13.5,4.9,3.3,1.6,2.7,3.6,29.3,122.3,85.3
cody,zeller,36,36,1062,11.2,19.8,0.564,11.2,19.7,0.5670000000000001,0.0,0.1,0.0,11.0,14.5,0.757,16.2,2.6,2.1,2.5,4.5,4.5,33.3,124.5,89.5
alex,len,38,37,1004,10.2,19.2,0.534,10.2,18.7,0.544,0.1,0.5,0.125,6.2,9.1,0.685999999999998,17.6,2.2,0.5,4.6,3.6,6.0,26.8,116.2,93.1
nerlens,noel,24,24,765,7.7,13.0,0.59,7.7,13.0,0.59,0.0,0.0,,4.3,8.1,0.529,17.8,3.0,3.9,8.3,3.5,4.9,19.6,112.9,82.3
ben,mclemore,37,36,1191,9.8,19.8,0.495,6.2,11.2,0.552999999999999,3.6,8.6,0.42,5.9,6.8,0.87,9.5,3.6,1.8,1.2,3.8,3.4,29.2,121.4,93.7
kentavious,caldwell-pope,32,30,1086,11.0,25.4,0.433,6.0,12.1,0.498,5.0,13.3,0.373,8.0,10.0,0.799,13.3,3.4,3.8,1.0,3.8,4.1,34.9,115.7,91.0
trey,burke,39,39,1378,11.7,25.3,0.46299999999999897,8.3,16.4,0.506,3.4,9.0,0.384,6.0,7.5,0.8009999999999979,5.6,11.8,2.8,0.9,3.9,3.3,32.9,123.4,100.0
cj,mccollum,12,11,372,15.5,31.3,0.495,10.2,21.0,0.485,5.3,10.3,0.516,10.0,11.8,0.8490000000000001,9.7,5.6,2.7,0.6,5.2,3.4,46.3,118.5,98.1
michael,carter-williams,40,40,1409,6.7,17.2,0.39299999999999796,5.2,12.0,0.436,1.5,5.2,0.294,5.6,8.1,0.6940000000000001,8.7,12.7,4.7,0.9,6.0,4.0,20.6,104.6,87.9
steven,adams,32,32,749,8.8,15.5,0.5710000000000001,8.8,15.5,0.5710000000000001,0.0,0.0,,2.7,6.2,0.442999999999998,17.9,1.8,1.9,5.7,3.1,4.6,20.4,112.9,87.6
kelly,olynyk,32,27,845,15.6,24.8,0.629,14.9,22.6,0.66,0.7,2.2,0.3,9.6,12.3,0.7759999999999979,17.0,4.0,1.6,2.6,5.6,5.2,41.4,127.1,89.9
shabazz,muhammad,32,30,987,11.8,26.6,0.442999999999998,9.4,20.4,0.46299999999999897,2.3,6.2,0.377,7.5,10.5,0.711,9.7,1.6,1.3,0.2,3.0,3.1,33.3,110.1,105.4
shane,larkin,36,35,1311,8.7,18.2,0.479,5.4,10.1,0.537999999999998,3.3,8.1,0.406,4.2,5.3,0.777,6.6,7.8,3.4,0.2,3.9,2.8,24.9,119.2,95.9
tony,snell,35,35,1093,8.1,19.3,0.42200000000000004,4.5,10.0,0.452,3.6,9.3,0.39,4.9,5.8,0.843,5.2,5.7,1.6,1.0,4.1,2.6,24.8,107.0,99.0
gorgui,dieng,33,32,1026,7.3,13.7,0.534,7.3,13.7,0.534,0.0,0.0,,4.3,6.6,0.652,18.2,3.9,2.6,4.9,3.5,5.0,19.0,115.9,81.9
mason,plumlee,36,36,1248,10.4,17.3,0.599,10.4,17.3,0.599,0.0,0.0,,8.1,11.9,0.6809999999999979,16.8,3.3,1.7,2.4,4.8,4.3,28.9,117.2,92.2
solomon,hill,35,35,1154,8.2,17.9,0.45799999999999896,5.2,10.3,0.508,3.0,7.6,0.39,4.9,6.4,0.7659999999999979,9.7,4.9,2.1,1.0,4.0,3.9,24.3,116.3,97.7
tim,hardaway-jr,38,38,1324,9.5,21.7,0.43700000000000006,6.0,12.5,0.483,3.4,9.2,0.374,3.6,5.2,0.6940000000000001,8.3,4.4,1.2,0.8,3.3,3.4,26.0,108.5,100.7
reggie,bullock,35,35,1100,8.7,18.1,0.483,4.3,7.8,0.545,4.5,10.3,0.436,2.8,3.7,0.767,11.5,5.1,2.2,0.5,2.2,2.5,24.8,130.4,98.2
andre,roberson,31,30,1036,7.8,16.2,0.48,6.6,12.8,0.521,1.1,3.4,0.327999999999998,3.2,5.8,0.551,20.4,2.6,3.9,2.4,4.4,4.5,19.8,102.1,84.5
archie,goodwin,33,33,1048,9.0,20.4,0.44,8.0,16.7,0.478,1.0,3.7,0.266,7.7,12.1,0.637,8.7,5.0,2.1,0.9,5.8,5.5,26.6,100.1,99.1
allen,crabbe,33,33,1195,10.8,23.6,0.45899999999999896,7.6,14.3,0.532,3.2,9.3,0.348,5.7,7.0,0.813,10.1,4.4,1.9,1.2,4.2,3.5,30.6,110.8,97.8
carrick,felix,35,34,1235,9.1,18.1,0.5,6.6,11.5,0.573,2.5,6.7,0.374,3.9,5.9,0.664,13.7,2.7,2.4,1.9,3.4,5.0,24.5,112.7,96.2
isaiah,canaan,31,30,1131,11.3,26.3,0.431,6.4,12.9,0.494,5.0,13.4,0.37,8.0,9.8,0.8220000000000001,5.8,7.0,2.5,0.2,5.2,3.1,35.7,116.1,101.6
glen,rice-jr,21,10,628,10.3,22.5,0.457,7.3,13.4,0.541,3.0,9.1,0.33299999999999796,4.0,6.6,0.606,14.2,4.8,2.8,1.8,4.8,5.0,27.6,105.9,95.3
ray,mccallum,33,33,1208,10.1,20.6,0.491,8.1,14.5,0.562,2.0,6.1,0.322999999999998,6.9,9.7,0.7170000000000001,7.9,6.9,3.0,0.9,3.2,3.1,29.1,121.5,102.3
tony,mitchell,32,29,1037,8.0,18.1,0.44,6.3,12.4,0.505,1.7,5.7,0.3,6.0,8.9,0.675,15.6,1.5,1.8,5.0,4.4,5.3,23.7,102.5,95.9
nate,wolters,33,33,1256,12.1,24.8,0.485,8.9,16.4,0.539,3.2,8.4,0.379,9.3,11.5,0.813,9.2,9.6,2.8,0.2,3.8,2.5,36.6,126.9,101.0
jeff,withey,37,36,1144,9.5,16.4,0.5820000000000001,9.5,16.4,0.58,0.1,0.1,1.0,7.1,9.9,0.7140000000000001,16.3,1.8,1.4,7.5,3.8,4.0,26.2,117.8,84.2
grant,jerrett,34,2,606,6.2,15.2,0.409,3.1,7.4,0.413,3.2,7.8,0.405,1.8,2.2,0.818,12.1,1.8,1.6,3.3,1.9,4.3,17.4,115.8,95.1
jamaal,franklin,32,32,1058,9.4,22.8,0.41100000000000003,7.1,14.4,0.49200000000000005,2.3,8.3,0.272,9.7,12.4,0.7809999999999979,17.3,6.0,2.9,1.5,6.2,4.7,30.7,104.9,85.7
pierre,jackson,36,35,1252,10.1,23.6,0.42700000000000005,6.0,12.2,0.49,4.1,11.4,0.359,9.0,11.2,0.8,6.3,11.9,2.5,0.0,5.7,3.7,33.2,117.5,100.1
mike,muscala,34,34,1079,13.4,26.4,0.509,13.2,25.5,0.519,0.2,0.9,0.25,10.6,13.4,0.789,22.4,4.6,1.0,4.7,3.4,4.4,37.7,121.0,84.5
erick,green,32,32,1166,13.2,27.8,0.475,10.1,19.9,0.509,3.1,7.9,0.389,11.0,13.5,0.816,6.4,6.1,2.1,0.3,3.5,2.2,40.5,123.6,111.4
ryan,kelly,23,23,664,8.5,18.7,0.45299999999999896,5.4,11.4,0.473,3.1,7.3,0.42200000000000004,6.1,7.5,0.812,10.8,3.4,1.4,3.3,2.0,4.9,26.1,124.5,96.5
erik,murphy,36,34,952,11.0,21.2,0.516,6.1,10.6,0.579,4.8,10.6,0.45299999999999896,2.7,3.4,0.784,13.3,3.3,1.5,1.7,3.4,6.7,29.4,124.6,87.0
james,ennis,33,32,1093,9.8,19.9,0.491,6.8,11.6,0.585,3.0,8.3,0.35700000000000004,6.8,8.1,0.8340000000000001,11.9,3.8,3.1,2.3,5.3,4.0,29.3,114.2,100.7
romero,osby,32,31,912,11.4,21.7,0.526,10.8,20.6,0.525,0.6,1.1,0.529,10.1,12.7,0.794,14.8,2.6,1.3,1.8,2.8,5.1,33.6,126.2,97.9
lorenzo,brown,33,32,1129,7.2,17.2,0.419,6.2,13.3,0.465,1.0,3.9,0.263,5.6,7.2,0.7709999999999979,7.4,12.3,3.4,1.0,5.9,3.4,21.1,105.6,102.0
colton,iverson,35,35,1033,11.0,18.4,0.596,11.0,18.4,0.596,0.0,0.0,,7.9,13.3,0.59,20.5,2.8,1.2,1.5,4.1,5.5,29.8,120.4,95.6
arsalan,kazemi,35,27,1016,6.5,10.9,0.595,6.5,10.8,0.598,0.0,0.1,0.0,5.8,8.6,0.675,20.0,2.7,4.1,1.3,3.0,3.8,18.8,123.3,82.9
peyton,siva,40,40,1247,6.7,16.6,0.40399999999999797,4.9,10.2,0.47600000000000003,1.8,6.4,0.28800000000000003,4.1,4.7,0.867,4.5,11.0,4.3,0.3,5.1,5.0,19.4,106.6,89.1
alex,oriakhi,34,34,878,9.2,14.4,0.639,9.2,14.4,0.639,0.0,0.0,,7.1,9.5,0.746,19.1,0.8,1.3,3.6,3.1,5.3,25.5,131.6,94.1
deshaun,thomas,37,37,1309,12.3,27.7,0.444,8.9,17.8,0.5,3.4,9.9,0.344,6.7,8.0,0.8340000000000001,10.5,2.3,0.9,0.5,2.5,2.6,34.8,116.7,97.6
anthony,davis,40,40,1281,9.9,15.9,0.623,9.7,14.9,0.653,0.1,0.9,0.15,6.8,9.6,0.7090000000000001,19.5,2.4,2.5,8.8,1.9,3.7,26.7,139.0,80.7
michael,kidd-gilchrist,40,39,1245,7.7,15.8,0.491,7.1,13.3,0.535,0.6,2.5,0.255,6.9,9.3,0.745,14.4,3.6,1.9,1.8,4.2,4.7,23.1,115.5,92.3
bradley,beal,37,37,1267,8.5,19.1,0.445,5.4,10.0,0.541,3.1,9.0,0.33899999999999797,6.4,8.4,0.769,12.1,4.0,2.5,1.5,3.8,3.7,26.5,115.4,96.9
dion,waiters,37,0,891,11.7,24.6,0.47600000000000003,8.9,16.8,0.529,2.8,7.8,0.363,5.9,8.1,0.7290000000000001,5.9,6.3,4.6,0.8,3.3,4.8,32.2,118.6,93.9
thomas,robinson,39,39,1242,12.5,24.7,0.505,12.1,24.1,0.505,0.3,0.7,0.5,7.8,11.4,0.682,22.1,3.4,2.0,1.6,5.0,5.1,33.1,109.8,84.6
damian,lillard,32,32,1105,12.4,26.6,0.467,7.4,14.3,0.517,5.1,12.4,0.409,12.3,13.8,0.887,8.7,6.9,2.5,0.4,4.0,3.3,42.2,128.4,101.6
harrison,barnes,38,37,1111,11.3,25.8,0.44,8.9,19.0,0.469,2.4,6.8,0.358,7.0,9.7,0.723,9.8,2.1,2.0,0.6,3.7,3.4,32.1,111.1,96.1
terrence,ross,35,35,1088,11.2,24.4,0.457,7.4,14.4,0.518,3.7,10.1,0.371,3.7,4.9,0.7659999999999979,11.7,2.5,2.3,1.7,3.6,5.1,29.9,113.6,96.8
andre,drummond,34,30,967,10.1,18.8,0.537999999999998,10.1,18.7,0.541,0.0,0.1,0.0,1.7,5.7,0.295,16.6,1.0,1.8,5.9,3.4,4.8,21.9,103.1,97.3
austin,rivers,34,33,1129,9.0,20.8,0.433,6.0,12.6,0.47700000000000004,3.0,8.2,0.365,6.3,9.5,0.657999999999999,6.0,3.7,1.7,0.1,4.1,3.9,27.3,107.8,104.7
meyers,leonard,32,29,1018,10.4,17.7,0.584,10.3,17.1,0.604,0.1,0.7,0.091,5.7,7.7,0.732,16.0,2.6,0.9,3.7,4.1,5.7,26.5,115.5,95.9
jeremy,lamb,34,34,1266,10.7,22.4,0.478,7.2,12.0,0.601,3.5,10.4,0.336,4.8,6.0,0.81,8.2,2.9,2.1,1.0,3.4,2.8,29.7,117.6,103.3
kendall,marshall,36,35,1189,4.9,10.4,0.467,3.6,6.8,0.527,1.3,3.7,0.354,2.5,3.7,0.696,4.4,16.3,2.0,0.3,4.7,2.6,13.6,114.9,98.4
john,henson,35,34,1019,11.1,22.2,0.5,11.1,22.2,0.5,0.0,0.0,,3.7,7.3,0.511,18.8,2.4,1.1,5.5,2.4,3.0,25.9,110.2,86.6
maurice,harkless,32,32,1155,9.9,22.0,0.452,9.1,17.9,0.506,0.9,4.1,0.215,4.8,7.2,0.6759999999999979,14.2,2.4,2.6,2.3,4.1,3.8,25.6,102.3,102.0
royce,white,34,33,1072,9.7,18.1,0.534,9.5,17.5,0.541,0.2,0.7,0.33299999999999796,5.6,11.3,0.498,17.5,9.4,2.2,1.8,7.2,4.9,25.2,103.3,95.4
tyler,zeller,38,38,1070,11.3,20.5,0.552999999999999,11.3,20.5,0.552999999999999,0.0,0.0,,9.3,11.5,0.8079999999999979,18.8,1.9,1.7,3.0,3.8,5.2,32.0,125.6,89.7
terrence,jones,38,34,1115,9.6,19.1,0.5,8.7,16.5,0.528,0.9,2.7,0.327,5.4,8.5,0.627,14.7,2.8,2.7,3.7,3.4,4.9,25.4,115.3,88.9
andrew,nicholson,32,32,962,14.1,24.6,0.5710000000000001,12.6,21.2,0.593,1.5,3.4,0.434,8.2,10.6,0.7759999999999979,17.2,2.1,1.3,4.0,5.1,5.8,37.8,120.1,95.2
jared,sullinger,37,36,1123,12.2,23.4,0.519,11.3,21.3,0.531,0.9,2.1,0.4,9.3,12.2,0.768,18.1,2.5,2.3,2.1,3.8,5.8,34.5,121.8,86.0
fab,melo,30,30,763,7.9,13.9,0.5660000000000001,7.9,13.9,0.5660000000000001,0.0,0.0,,3.1,4.8,0.633,14.1,1.7,1.2,7.1,3.5,6.8,18.8,112.9,94.2
john,jenkins,35,35,1177,11.3,23.8,0.474,4.3,7.9,0.542,6.9,15.8,0.439,6.6,7.9,0.8370000000000001,5.2,2.2,1.5,0.6,2.9,2.2,36.1,129.4,104.3
jared,cunningham,36,35,1245,9.0,19.9,0.45,6.7,13.2,0.507,2.3,6.7,0.33799999999999797,9.0,12.2,0.737,6.3,4.6,4.1,0.7,4.6,3.9,29.2,111.4,100.5
tony,wroten,35,27,1062,10.5,23.8,0.442999999999998,10.1,20.8,0.483,0.5,3.0,0.161,8.2,14.1,0.583,9.4,6.9,3.5,0.7,7.0,5.0,29.8,98.8,98.7
miles,plumlee,34,16,697,7.5,12.3,0.61,7.5,12.3,0.61,0.0,0.0,,4.0,6.4,0.632,20.3,1.5,1.5,2.7,3.5,6.5,19.0,121.1,96.4
arnett,moultrie,30,30,1073,10.3,18.7,0.5489999999999979,9.8,17.7,0.555,0.5,1.0,0.444,7.1,9.1,0.78,17.9,2.0,1.4,1.3,4.2,3.8,28.0,118.3,100.4
perry,jones,33,33,1013,10.7,21.4,0.5,10.1,19.5,0.52,0.6,1.9,0.303,4.2,6.0,0.696,14.8,2.5,1.6,1.2,3.3,4.5,26.2,113.4,98.0
marquis,teague,40,40,1303,6.7,16.3,0.41200000000000003,5.5,12.6,0.437999999999998,1.2,3.7,0.325,3.9,5.5,0.7140000000000001,4.7,8.8,1.7,0.5,5.0,4.2,18.6,101.7,99.5
festus,ezeli,26,22,603,9.0,16.7,0.539,9.0,16.7,0.539,0.0,0.0,,8.5,14.1,0.604,15.6,0.8,1.1,5.3,5.9,8.3,26.5,103.4,96.1
jeffery,taylor,36,36,1157,11.1,22.5,0.493,7.6,14.2,0.532999999999998,3.5,8.2,0.423,5.0,8.3,0.605,10.6,3.3,2.4,0.8,4.2,3.5,30.7,114.4,99.8
bernard,james-,35,35,979,9.5,15.7,0.606,9.5,15.7,0.606,0.0,0.0,,3.9,7.0,0.552,17.1,1.0,1.6,5.0,4.4,4.1,22.9,109.8,89.1
jae,crowder,35,35,1153,10.6,21.4,0.498,7.7,12.7,0.602,3.0,8.7,0.345,5.8,7.9,0.735,14.4,3.6,4.3,1.7,2.2,4.6,30.1,125.7,85.9
draymond,green,37,36,1229,10.6,23.6,0.449,8.0,16.9,0.473,2.6,6.7,0.387999999999998,6.3,8.7,0.723,19.7,7.1,2.7,1.8,5.6,5.3,30.1,109.6,83.6
orlando,johnson,31,31,1067,12.0,26.6,0.451,8.0,17.1,0.46399999999999897,4.1,9.5,0.42700000000000005,7.4,10.6,0.698,10.4,5.3,2.0,1.3,4.4,3.3,35.5,115.5,102.6
quincy,acy,38,38,1130,8.3,14.5,0.5770000000000001,8.2,14.2,0.5760000000000001,0.2,0.3,0.6,7.2,9.2,0.782,14.9,2.0,1.8,3.7,3.7,6.2,24.0,123.1,95.3
quincy,miller,37,35,903,9.1,20.4,0.447,7.5,15.8,0.475,1.6,4.6,0.348,6.1,7.5,0.816,12.0,3.5,1.7,1.6,4.4,4.6,25.9,110.1,98.8
khris,middleton,20,17,575,11.2,27.0,0.415,9.0,18.6,0.485,2.2,8.5,0.26,4.3,5.7,0.75,10.9,4.9,2.1,0.5,4.7,4.1,28.9,98.0,97.6
will,barton,35,34,1236,11.1,21.8,0.509,9.3,16.6,0.558999999999999,1.8,5.2,0.34600000000000003,6.5,8.6,0.7490000000000001,13.4,4.9,2.4,1.2,3.6,3.6,30.4,119.3,92.3
tyshawn,taylor,39,38,1303,10.3,21.6,0.47700000000000004,7.7,14.7,0.522,2.6,6.9,0.382,6.2,9.1,0.688,4.1,8.5,2.4,0.3,6.3,3.5,29.5,106.9,97.7
doron,lamb,40,35,1249,8.4,17.8,0.474,4.8,9.9,0.48100000000000004,3.7,7.9,0.466,5.9,7.2,0.826,5.2,2.9,0.9,0.1,2.1,3.5,26.5,131.1,101.0
mike,scott,32,32,999,14.1,25.0,0.563,13.7,23.7,0.5770000000000001,0.4,1.3,0.3,9.1,11.3,0.8079999999999979,17.4,2.4,1.4,1.0,4.4,3.7,37.7,118.4,87.4
kim,english,35,35,1175,8.8,16.8,0.521,4.8,8.1,0.589,4.0,8.7,0.45899999999999896,4.5,6.2,0.725,7.6,2.9,2.3,0.5,3.0,4.3,26.0,123.7,102.6
justin,hamilton,33,32,990,9.6,19.5,0.494,9.5,18.8,0.503,0.2,0.7,0.25,6.5,8.4,0.7809999999999979,14.5,1.8,1.5,2.6,3.5,5.1,26.0,113.1,96.5
darius,miller,40,11,1043,8.3,17.5,0.474,5.0,8.8,0.569,3.2,8.6,0.376,3.2,4.0,0.797,6.4,4.7,1.9,0.8,3.4,5.0,23.0,119.8,98.3
kevin,murphy,33,32,1139,12.2,27.5,0.444,8.2,17.8,0.46,4.0,9.7,0.41600000000000004,6.3,8.8,0.721,8.9,3.9,1.4,0.4,5.5,3.6,34.9,105.6,106.0
kyle,oquinn,36,36,1125,10.7,18.6,0.573,10.3,16.9,0.61,0.3,1.7,0.188,8.1,11.6,0.696,19.3,2.7,1.3,5.0,4.9,6.1,29.7,116.2,91.1
kris,joseph,37,37,1192,8.4,20.1,0.42100000000000004,5.8,12.5,0.467,2.6,7.6,0.345,6.0,8.1,0.745,9.0,2.9,2.6,1.2,2.8,3.2,25.5,113.7,96.7
darius,johnson-odom,34,33,1120,10.6,23.7,0.447,6.7,13.6,0.493,3.9,10.1,0.385,6.4,8.3,0.764,6.0,4.7,1.6,0.2,4.0,3.4,31.5,111.9,99.9
robbie,hummel,35,35,1128,10.7,25.5,0.41700000000000004,6.7,15.2,0.44,4.0,10.3,0.382999999999998,6.2,7.5,0.825,13.8,3.6,1.3,2.3,1.8,4.0,31.5,120.1,101.6
marcus,denmon,35,35,1212,9.9,21.6,0.46,5.0,9.5,0.526,4.9,12.1,0.40700000000000003,6.0,6.7,0.8959999999999979,8.8,3.7,2.7,0.0,2.0,1.7,30.8,129.7,101.5
robert,sacre,33,33,868,8.1,15.9,0.511,8.1,15.7,0.515,0.0,0.1,0.0,10.4,13.7,0.760999999999999,14.4,1.7,0.8,3.3,4.2,5.0,26.6,116.8,95.1
kyrie,irving,11,8,303,10.3,19.6,0.529,7.0,12.2,0.569,3.4,7.3,0.462,12.0,13.4,0.9009999999999979,7.0,8.8,3.0,1.1,5.1,4.3,36.1,135.1,92.7
derrick,williams,38,38,1141,11.8,19.9,0.595,9.6,16.0,0.601,2.2,3.9,0.568,12.9,17.4,0.746,16.5,2.3,1.9,1.4,5.2,5.6,38.8,128.8,97.3
tristan,thompson,36,34,1104,9.2,16.8,0.546,9.2,16.8,0.546,0.0,0.0,,6.8,14.0,0.48700000000000004,15.1,2.4,1.8,4.6,3.4,5.3,25.2,112.5,89.3
brandon,knight,38,38,1363,9.6,22.8,0.423,5.8,12.5,0.461,3.9,10.2,0.377,6.0,7.6,0.795,6.8,7.1,1.1,0.4,5.3,3.7,29.1,109.9,101.5
kemba,walker,41,41,1543,12.6,29.4,0.428,9.6,20.4,0.47100000000000003,3.0,9.0,0.33,10.3,12.5,0.8190000000000001,8.9,7.3,3.1,0.3,3.7,2.2,38.4,121.2,98.9
jimmer,fredette,37,37,1323,14.7,32.5,0.452,9.4,19.2,0.491,5.3,13.3,0.396,10.7,12.0,0.894,5.4,6.8,2.1,0.0,5.6,2.1,45.4,118.0,100.0
klay,thompson,34,33,1179,11.9,27.3,0.436,7.0,15.1,0.466,4.9,12.2,0.39799999999999797,7.7,9.2,0.838,8.8,6.3,2.8,1.6,5.7,4.9,36.3,109.8,95.8
alec,burks,38,37,1193,12.2,25.9,0.469,10.8,21.3,0.508,1.4,4.7,0.292,12.1,14.6,0.825,12.0,5.4,2.0,0.6,4.8,4.3,37.8,120.2,106.0
markieff,morris,38,34,926,12.1,20.5,0.589,10.5,16.8,0.625,1.5,3.7,0.424,6.4,9.5,0.6729999999999979,19.6,3.3,1.9,2.7,4.8,6.7,32.1,121.5,88.1
marcus,morris,38,35,1076,12.8,22.4,0.57,11.4,18.4,0.62,1.4,4.1,0.342,7.9,11.5,0.688,15.5,3.3,1.7,1.3,3.6,5.2,34.9,126.5,92.5
kawhi,leonard,36,36,1172,11.3,25.4,0.444,10.0,20.8,0.478,1.3,4.6,0.29100000000000004,5.9,7.8,0.759,20.4,4.9,2.7,1.1,4.1,4.8,29.8,112.5,86.3
nikola,vucevic,34,34,1187,11.3,22.3,0.505,9.7,18.0,0.542,1.5,4.3,0.349,6.4,8.5,0.755,18.3,2.8,0.9,2.5,3.0,5.0,30.5,119.0,94.3
iman,shumpert,31,31,992,10.3,25.4,0.406,7.9,16.6,0.474,2.4,8.8,0.278,8.2,10.2,0.8059999999999979,10.7,6.3,5.0,0.3,4.2,5.0,31.3,109.8,92.8
chris,singleton,28,25,814,8.8,20.3,0.434,6.3,13.6,0.466,2.5,6.7,0.368,6.0,8.9,0.667,13.6,2.3,3.9,2.9,4.3,6.4,26.0,105.6,84.2
tobias,harris,34,33,993,11.1,24.1,0.46,9.7,19.6,0.49700000000000005,1.4,4.6,0.303,7.7,10.2,0.753,14.8,2.6,1.4,1.7,3.7,4.2,31.3,112.7,98.8
nolan,smith,37,37,1259,11.8,25.7,0.45799999999999896,9.2,18.3,0.501,2.6,7.4,0.35,8.5,10.4,0.813,7.5,8.6,2.0,0.1,5.3,3.3,34.6,116.8,96.0
kenneth,faried,35,34,1216,11.9,19.1,0.623,11.9,19.1,0.623,0.0,0.0,,7.1,12.3,0.5770000000000001,26.0,1.9,3.4,4.2,4.7,5.5,31.0,121.0,84.0
reggie,jackson,34,32,1161,11.8,23.4,0.503,7.9,14.3,0.556,3.8,9.1,0.42,5.9,7.4,0.7959999999999979,7.8,8.2,1.9,1.0,4.4,3.1,33.2,122.8,109.8
marshon,brooks,32,31,1168,13.1,27.1,0.483,9.9,17.8,0.558999999999999,3.2,9.4,0.34,8.0,10.4,0.772,10.7,3.8,2.3,1.9,4.7,3.8,37.5,118.3,104.4
jordan,hamilton,36,36,1159,12.4,28.1,0.44,7.8,16.2,0.48100000000000004,4.6,11.9,0.385,4.8,6.2,0.779,14.1,3.9,1.6,1.2,3.9,3.3,34.2,115.5,90.6
jajuan,johnson,34,33,1203,12.9,26.2,0.494,12.2,23.6,0.516,0.8,2.6,0.294,8.5,10.5,0.809,14.7,1.7,1.5,4.0,2.8,2.7,35.2,117.2,90.3
norris,cole,36,36,1285,11.8,26.8,0.439,9.4,19.8,0.473,2.4,7.0,0.342,10.6,12.5,0.853,9.8,8.9,3.7,0.1,4.5,4.1,36.5,117.7,92.8
cory,joseph,36,36,1166,6.9,16.3,0.42200000000000004,4.3,9.9,0.429,2.6,6.4,0.413,2.6,3.7,0.6990000000000001,6.5,5.5,1.9,0.6,2.7,3.3,19.0,112.7,95.0
jimmy,butler,37,35,1282,8.6,17.5,0.49,7.7,14.9,0.515,0.9,2.7,0.345,8.6,11.0,0.7829999999999979,10.3,3.9,2.4,0.6,2.5,2.2,26.7,126.8,102.5
justin,harper,37,37,1178,13.2,24.7,0.534,9.0,15.4,0.585,4.1,9.2,0.447999999999998,5.1,6.3,0.797,13.8,2.3,1.2,2.5,3.0,4.4,35.5,123.6,94.9
kyle,singler,37,37,1286,9.7,22.6,0.43,7.0,14.0,0.49700000000000005,2.7,8.6,0.321,5.5,6.9,0.8059999999999979,11.2,2.7,1.5,0.5,3.1,4.3,27.7,114.8,95.1
shelvin,mack,38,37,1219,10.2,25.1,0.408,5.8,12.6,0.462,4.4,12.5,0.354,6.1,7.9,0.769,8.6,6.7,1.5,0.2,4.7,3.4,31.0,109.9,100.9
tyler,honeycutt,33,33,1154,7.5,18.4,0.406,4.6,10.5,0.437999999999998,2.9,7.9,0.36200000000000004,4.1,5.5,0.736,12.4,4.8,1.5,3.5,5.2,2.7,21.9,99.7,96.3
jordan,williams,33,33,1073,11.1,20.6,0.537999999999998,11.1,20.6,0.537999999999998,0.0,0.0,,6.8,11.8,0.575,20.1,1.1,1.2,2.3,2.8,4.2,28.9,115.1,89.9
trey,thompkins,30,29,937,12.8,26.6,0.48100000000000004,11.3,21.8,0.52,1.5,4.9,0.311,5.4,7.9,0.6890000000000001,15.1,2.8,2.2,3.3,5.0,4.4,32.6,104.3,93.0
chandler,parsons,36,35,1229,7.9,16.5,0.48,5.7,10.5,0.544,2.2,6.0,0.368,2.8,4.9,0.557,14.2,6.9,1.7,0.8,4.1,3.4,20.7,112.4,96.0
jon,leuer,34,34,1139,13.9,29.6,0.47,10.6,20.7,0.513,3.3,8.9,0.37,6.9,8.2,0.843,15.1,3.4,1.0,1.8,3.3,4.6,38.1,118.3,99.7
darius,morris,35,34,1219,10.6,21.7,0.489,9.8,18.3,0.532999999999998,0.8,3.4,0.25,5.7,8.0,0.715,7.3,12.4,1.9,0.1,5.4,3.9,27.8,111.4,102.1
malcolm,lee,33,33,1093,7.7,17.7,0.43700000000000006,5.6,10.5,0.534,2.1,7.2,0.295,6.1,7.9,0.778,5.5,3.7,1.2,0.4,3.1,4.4,23.8,113.2,104.2
charles,jenkins,33,33,1232,12.5,24.1,0.517,9.2,16.3,0.563,3.3,7.9,0.42,9.1,11.1,0.8240000000000001,5.6,7.9,2.9,1.1,3.7,3.3,37.4,128.0,107.8
josh,harrellson,38,38,1083,7.1,11.6,0.611,7.0,11.1,0.631,0.1,0.6,0.2,1.8,3.1,0.589,18.4,1.7,2.0,3.2,1.6,5.1,16.1,134.3,92.6
andrew,goudelock,37,37,1302,14.4,31.8,0.455,8.5,17.1,0.496,6.0,14.6,0.40700000000000003,5.0,6.1,0.821,6.5,7.1,1.5,0.3,5.4,3.0,39.8,115.1,105.7
travis,leslie,33,33,1062,10.3,21.0,0.49200000000000005,9.6,18.5,0.517,0.8,2.5,0.302,6.4,7.9,0.8009999999999979,13.8,5.7,2.3,1.2,4.1,3.7,27.8,116.9,98.1
keith,benson,35,35,1133,11.3,20.6,0.547,10.8,19.5,0.556,0.4,1.1,0.391,7.7,11.9,0.643,17.3,1.9,1.4,6.1,3.2,5.3,30.6,120.2,98.9
josh,selby,26,11,530,7.8,20.9,0.373,4.1,10.7,0.384,3.7,10.2,0.36200000000000004,3.0,4.0,0.757,6.3,6.1,2.3,0.1,5.7,4.8,22.3,95.5,96.5
lavoy,allen,33,33,1120,8.4,17.5,0.48,8.1,16.6,0.49,0.3,0.9,0.294,3.8,5.4,0.6970000000000001,15.4,4.1,1.3,3.3,2.9,4.1,20.8,110.0,93.1
jon,diebler,37,36,1320,6.9,13.5,0.507,1.5,2.8,0.525,5.4,10.7,0.502,3.0,3.7,0.81,4.6,4.2,1.7,0.2,1.7,1.7,22.1,144.7,98.4
vernon,macklin,37,35,905,13.2,22.3,0.593,13.2,22.3,0.593,0.0,0.0,,3.2,7.1,0.451,13.8,2.1,0.9,1.8,4.4,6.3,29.6,110.0,98.5
deandre,liggins,38,28,1201,5.6,13.3,0.424,3.8,8.7,0.442,1.8,4.6,0.391,3.4,5.3,0.648,7.7,4.8,2.3,1.4,2.8,4.7,16.5,109.1,97.0
etwaun,moore,34,33,1152,11.6,26.0,0.447,7.9,16.8,0.473,3.7,9.2,0.4,5.3,7.4,0.7090000000000001,9.2,5.7,2.2,0.9,3.2,3.7,32.2,114.4,94.9
isaiah,thomas,35,35,1115,9.4,21.0,0.445,6.4,12.5,0.512,3.0,8.6,0.349,7.5,10.5,0.7190000000000001,6.1,10.6,2.3,0.1,5.2,3.7,29.2,117.4,100.8
