first_name,last_name,college_PER,college_TS%,college_eFG%,college_3PAr,college_FTr,college_PProd,college_ORB%,college_DRB%,college_TRB%,college_AST%,college_STL%,college_BLK%,college_TOV%,college_USG%,college_OWS,college_DWS,college_WS,college_WS_40,college_OBPM,college_DBPM,college_BPM
markelle,fultz,27.9,0.557999999999999,0.535,0.287,0.38299999999999895,582,4.0,13.9,8.9,35.5,2.4,3.1,13.4,31.4,3.3,0.5,3.8,0.172,7.7,1.4,9.1
lonzo,ball,24.7,0.6729999999999989,0.667999999999999,0.5660000000000001,0.28600000000000003,609,3.2,14.3,9.3,31.4,2.8,2.1,18.6,18.1,4.8,2.0,6.8,0.214,8.7,3.5,12.2
jayson,tatum,22.0,0.5660000000000001,0.507,0.321,0.381,467,4.8,19.7,12.6,12.4,2.3,3.2,15.0,26.2,2.3,1.8,4.1,0.16899999999999898,3.5,4.1,7.5
josh,jackson,24.1,0.558999999999999,0.552,0.21,0.40299999999999897,572,8.7,17.4,13.3,18.2,3.1,3.5,15.9,27.2,2.7,2.2,4.9,0.18,5.1,5.7,10.7
deaaron,fox,22.6,0.5489999999999989,0.498,0.154,0.474,608,2.0,12.2,7.2,28.6,2.7,0.7,13.7,27.6,3.0,2.1,5.1,0.192,5.1,3.7,8.7
jonathan,isaac,24.6,0.614,0.568,0.348,0.461,364,7.7,25.0,16.7,7.5,2.4,6.2,13.3,20.3,2.4,1.9,4.3,0.205,4.7,6.2,10.9
lauri,markkanen,25.0,0.635,0.584,0.434,0.436,534,10.0,17.5,14.0,5.6,0.8,1.8,8.1,22.4,4.9,1.8,6.7,0.235,7.8,1.5,9.3
dennis,smithjr,23.1,0.563,0.52,0.364,0.47600000000000003,621,2.7,11.5,7.3,34.2,3.1,1.2,17.3,27.2,3.1,0.9,4.0,0.142,6.3,1.0,7.3
zach,collins,30.9,0.703,0.6759999999999989,0.10099999999999901,0.715,360,12.0,23.2,18.3,4.4,1.5,9.8,17.8,24.8,2.6,2.4,5.0,0.298,4.0,7.5,11.5
malik,monk,21.5,0.586,0.5429999999999989,0.47,0.32299999999999895,661,1.1,7.2,4.2,13.3,1.6,1.5,10.4,27.2,3.9,1.9,5.8,0.188999999999999,6.7,1.3,8.0
luke,kennard,24.4,0.629,0.579,0.414,0.386,673,3.9,12.1,8.2,13.6,1.3,0.9,9.3,24.0,5.5,1.6,7.2,0.218,8.4,1.2,9.5
donovan,mitchell,21.7,0.534,0.498,0.509,0.243,503,3.7,12.9,8.3,16.0,3.7,1.7,10.2,24.6,3.0,2.4,5.4,0.19699999999999898,6.8,4.8,11.6
edrice,adebayo,22.0,0.624,0.599,0.0,0.831,489,11.2,17.2,14.2,4.7,1.2,4.9,13.9,18.5,3.3,2.3,5.6,0.196,4.2,5.3,9.5
justin,jackson,21.3,0.555,0.531,0.47700000000000004,0.22,660,4.8,10.8,7.8,15.8,1.3,0.8,9.5,25.7,4.3,1.8,6.1,0.19,7.5,1.9,9.4
justin,patton,25.3,0.670999999999999,0.6890000000000001,0.051,0.294,406,8.0,19.0,13.8,8.5,1.9,5.9,15.1,22.0,2.5,1.8,4.3,0.195,4.4,6.2,10.6
dj,wilson,20.9,0.628,0.605,0.361,0.19699999999999898,406,6.7,16.4,11.6,8.5,1.1,5.2,11.2,18.3,3.2,1.6,4.8,0.166,5.1,4.3,9.4
tj,leaf,26.6,0.66,0.652,0.152,0.278,536,9.0,19.7,14.9,13.2,1.1,3.5,10.8,22.0,4.2,1.6,5.8,0.22,6.7,3.0,9.7
john,collins,35.9,0.657999999999999,0.622,0.003,0.585,579,16.4,25.6,21.1,4.5,1.3,6.6,11.1,29.9,4.6,1.0,5.6,0.256,6.6,1.3,7.9
harry,giles,19.8,0.57,0.5770000000000001,0.0,0.308,113,16.4,21.5,19.1,5.6,1.7,5.3,16.8,17.9,0.6,0.6,1.2,0.163999999999999,1.9,4.4,6.3
jarrett,allen,20.2,0.5710000000000001,0.5660000000000001,0.022000000000000002,0.47200000000000003,427,10.9,18.9,15.0,5.5,1.0,5.0,17.8,22.6,1.5,1.7,3.3,0.12300000000000001,0.8,4.6,5.5
og,anunoby,23.8,0.611,0.615,0.369,0.39299999999999896,167,8.5,16.1,12.5,11.0,3.0,5.5,15.2,20.8,1.1,0.7,1.7,0.172,5.4,4.7,10.1
tyler,lydon,20.3,0.599,0.55,0.389,0.364,446,7.7,19.2,13.7,10.8,1.7,4.7,13.6,18.0,3.1,1.7,4.8,0.156,4.7,4.2,8.9
caleb,swanigan,26.2,0.62,0.5720000000000001,0.20199999999999899,0.499,640,10.7,32.6,22.5,18.7,0.8,2.5,18.5,28.1,3.7,2.6,6.4,0.223999999999999,5.0,5.6,10.6
kyle,kuzma,25.1,0.565,0.542,0.233,0.35200000000000004,481,11.3,23.3,17.7,15.2,1.1,1.6,12.8,27.0,2.8,1.8,4.6,0.204,4.6,2.0,6.6
tony,bradley,26.1,0.59,0.573,0.0,0.59,270,18.7,18.9,18.8,7.2,1.0,4.4,9.9,20.7,2.1,1.0,3.1,0.225,5.8,4.0,9.8
derrick,white,27.3,0.627,0.578,0.35600000000000004,0.45,602,3.5,10.5,7.0,28.6,2.2,4.9,14.2,25.3,4.5,1.4,5.9,0.21100000000000002,8.6,3.2,11.8
josh,hart,28.2,0.619,0.59,0.395,0.36700000000000005,648,5.9,17.5,12.2,18.8,2.8,1.0,11.5,27.8,5.1,2.6,7.7,0.257,8.2,4.0,12.1
frank,jackson,17.1,0.598,0.564,0.45899999999999896,0.363,371,3.1,8.3,5.8,12.6,1.3,0.2,12.9,21.1,2.4,0.9,3.3,0.14800000000000002,5.1,0.2,5.3
davon,reed,19.7,0.58,0.539,0.535,0.29,461,2.9,13.0,8.1,14.4,2.3,1.5,13.7,22.2,2.9,1.9,4.8,0.163,5.3,3.3,8.5
wesley,iwundu,20.1,0.585,0.532,0.271,0.506,466,4.1,19.9,12.3,22.9,1.9,1.2,17.2,22.3,2.6,1.8,4.4,0.16,4.2,3.4,7.6
frank,mason,25.5,0.622,0.573,0.354,0.484,746,2.0,10.4,6.4,26.1,2.0,0.2,12.4,25.6,5.8,1.7,7.5,0.23,9.2,1.5,10.7
ivan,rabb,21.7,0.541,0.49700000000000005,0.064,0.599,432,10.7,25.7,18.3,10.9,1.3,3.3,14.3,23.8,2.1,2.4,4.6,0.18100000000000002,1.5,5.2,6.7
semi,ojeleye,26.4,0.621,0.5720000000000001,0.39899999999999897,0.508,593,8.2,15.0,11.8,9.3,0.8,1.6,8.6,25.8,5.5,2.2,7.7,0.257,7.9,0.2,8.1
jordan,bell,26.3,0.657999999999999,0.640999999999999,0.052000000000000005,0.435,446,12.3,22.3,17.6,11.4,2.5,8.4,18.8,18.0,3.2,3.0,6.2,0.222,4.6,9.0,13.6
jawun,evans,27.3,0.535,0.475,0.19699999999999898,0.396,659,2.8,10.9,6.8,43.6,3.3,0.5,13.6,32.7,4.0,0.8,4.8,0.20600000000000002,7.7,1.4,9.1
dwayne,bacon,20.8,0.544,0.51,0.35,0.282,545,4.0,12.0,8.1,11.6,1.9,0.4,11.4,29.4,2.5,1.3,3.8,0.151,3.8,0.5,4.3
tyler,dorsey,19.6,0.606,0.575,0.514,0.342999999999999,510,3.5,9.5,6.7,10.7,1.5,0.4,11.1,22.9,3.5,1.7,5.2,0.17800000000000002,5.7,0.6,6.3
thomas,bryant,21.6,0.601,0.56,0.21100000000000002,0.519,419,9.7,17.2,13.7,9.8,1.6,5.7,18.0,22.2,2.4,1.4,3.8,0.159,3.6,3.9,7.5
damyean,dotson,23.9,0.611,0.595,0.5670000000000001,0.12300000000000001,482,5.1,18.1,11.5,6.9,1.6,0.6,6.7,23.1,3.9,2.0,5.9,0.215,7.4,0.5,7.9
dillon,brooks,25.6,0.585,0.556,0.336,0.299,526,4.9,9.6,7.4,23.1,2.5,2.2,13.0,31.6,3.1,1.6,4.7,0.214,6.6,2.1,8.6
sterling,brown,21.8,0.583,0.546,0.387,0.313,463,6.0,16.9,11.7,17.9,2.8,2.2,14.6,21.9,3.3,2.7,6.0,0.21100000000000002,5.4,4.3,9.6
ike,anigbogu,17.1,0.564,0.564,0.0,0.426,139,13.2,19.9,16.9,2.3,0.7,8.8,16.5,18.4,0.6,0.7,1.3,0.133,-0.8,3.5,2.7
sindarius,thornwell,30.3,0.59,0.51,0.337,0.59,637,8.1,16.1,12.0,19.3,3.6,3.4,11.9,29.5,4.4,2.8,7.2,0.27399999999999897,9.5,6.7,16.2
monte,morris,24.7,0.555,0.523,0.308,0.239,645,3.7,11.3,7.6,32.0,2.4,0.8,7.5,22.8,4.8,1.7,6.5,0.21,7.8,2.9,10.7
edmond,sumner,21.2,0.57,0.507,0.209,0.645,327,1.8,13.6,7.7,30.2,2.3,2.7,17.4,24.0,1.8,0.9,2.7,0.155,4.3,3.6,7.9
kadeem,allen,16.7,0.57,0.521,0.318,0.49200000000000005,340,1.5,13.8,8.1,17.8,3.1,2.3,18.3,18.1,1.7,2.0,3.8,0.14800000000000002,3.3,5.8,9.1
alec,peters,28.8,0.594,0.528,0.342,0.415,625,8.5,23.3,16.2,14.8,1.3,1.2,11.2,30.8,4.2,1.9,6.1,0.24100000000000002,6.0,0.5,6.4
nigel,williams-goss,25.2,0.594,0.5329999999999989,0.258,0.4,661,2.2,15.6,9.8,25.6,2.9,0.2,13.1,24.6,4.5,3.6,8.1,0.26,6.3,5.5,11.8
jabari,bird,16.5,0.562,0.542,0.56,0.17300000000000001,331,3.5,13.2,8.4,7.7,1.3,0.8,12.7,23.6,1.5,1.6,3.1,0.142,3.4,1.6,5.0
jaron,blossomgame,23.0,0.561,0.526,0.213,0.381,538,5.9,15.5,10.6,9.7,1.4,2.9,9.7,25.8,3.2,1.1,4.3,0.151,4.1,1.5,5.6
ben,simmons,29.0,0.6,0.561,0.008,0.769,674,9.6,26.8,18.2,27.4,3.1,2.5,17.4,26.4,3.9,2.1,6.0,0.207,6.3,5.3,11.6
brandon,ingram,22.5,0.552,0.525,0.40299999999999897,0.35100000000000003,591,6.0,15.5,10.8,11.4,1.9,3.6,11.3,25.6,3.4,1.5,4.9,0.157,4.6,2.9,7.5
jaylen,brown,17.6,0.518,0.47100000000000003,0.27,0.574,477,4.5,16.5,10.8,15.3,1.7,2.2,17.9,31.4,1.0,1.8,2.7,0.11699999999999901,0.3,3.3,3.6
kris,dunn,23.2,0.541,0.499,0.275,0.462,576,3.5,14.7,9.0,41.8,4.3,1.9,18.8,28.0,2.2,2.3,4.5,0.166,5.6,5.7,11.3
buddy,hield,28.2,0.665,0.623,0.536,0.33299999999999896,803,4.0,13.0,8.8,12.7,1.8,1.4,14.0,30.2,5.6,2.0,7.6,0.23199999999999898,10.3,1.2,11.5
jamal,murray,22.7,0.59,0.558999999999999,0.515,0.28300000000000003,649,4.9,11.2,8.2,12.1,1.6,0.9,12.1,27.1,4.4,1.8,6.1,0.193999999999999,8.1,1.1,9.1
marquese,chriss,21.7,0.585,0.561,0.17800000000000002,0.382,428,9.8,11.6,10.7,6.3,1.9,5.8,14.7,24.1,1.9,1.2,3.1,0.14800000000000002,2.8,3.1,5.9
jakob,poeltl,31.1,0.665,0.645999999999999,0.0,0.674,597,11.9,22.1,17.4,13.9,1.1,5.0,13.7,25.7,4.9,1.9,6.8,0.251,6.8,4.4,11.2
domantas,sabonis,29.3,0.654,0.618,0.036000000000000004,0.499,617,11.7,28.2,20.7,11.3,1.1,2.7,16.0,25.6,4.6,2.8,7.5,0.26,5.0,4.0,9.0
taurean,prince,20.8,0.537,0.493,0.33899999999999897,0.337,509,9.2,14.8,12.0,14.8,2.4,2.7,15.3,28.1,2.4,1.4,3.8,0.14800000000000002,4.9,2.4,7.4
denzel,valentine,29.7,0.608,0.579,0.527,0.214,622,3.0,21.2,12.8,45.8,1.9,0.7,14.8,28.4,5.0,2.2,7.3,0.284,12.2,4.4,16.5
wade,baldwin,20.7,0.5710000000000001,0.49200000000000005,0.32,0.614,505,1.5,11.6,7.0,33.7,2.3,1.0,18.2,25.3,2.7,1.8,4.5,0.179,5.1,3.0,8.2
henry,ellenson,20.9,0.534,0.48,0.239,0.439,536,7.8,24.2,16.5,11.0,1.4,4.4,12.9,26.7,2.0,2.0,4.0,0.14300000000000002,0.9,2.7,3.6
malik,beasley,20.8,0.583,0.541,0.361,0.326,483,5.0,15.1,10.1,9.8,1.8,0.6,11.5,24.3,2.9,1.1,4.0,0.158,5.0,0.7,5.7
caris,levert,28.8,0.636,0.596,0.401,0.42,253,2.4,18.8,10.6,33.3,2.0,0.7,11.4,25.6,2.2,0.7,2.8,0.243,9.4,2.5,11.9
deandre,bembry,22.3,0.539,0.513,0.258,0.358,641,4.3,17.9,11.3,24.1,2.2,2.5,11.2,24.4,3.4,2.5,5.8,0.174,4.6,4.5,9.1
malachi,richardson,13.8,0.51,0.465,0.544,0.381,459,1.7,12.1,6.9,12.8,2.0,0.9,14.0,23.1,1.5,1.8,3.3,0.10400000000000001,1.5,1.5,3.0
brice,johnson,33.0,0.653,0.617,0.0,0.41700000000000004,613,11.7,28.5,20.4,9.7,2.2,5.5,11.8,25.0,5.0,2.6,7.6,0.272,7.3,6.2,13.4
pascal,siakam,31.5,0.569,0.542,0.0289999999999999,0.396,649,13.4,23.6,18.8,12.0,1.7,6.5,10.0,29.1,4.4,3.4,7.8,0.265,3.4,4.6,8.0
skal,labissiere,18.5,0.54,0.516,0.011000000000000001,0.326,214,7.3,14.6,11.1,3.6,0.9,10.3,13.1,22.1,0.9,1.1,2.0,0.142,-0.4,5.6,5.2
dejounte,murray,16.8,0.485,0.451,0.243,0.342,565,4.1,13.7,8.8,25.6,2.8,0.8,16.3,25.9,1.2,1.6,2.8,0.098,1.8,2.5,4.3
damian,jones,23.4,0.584,0.59,0.01,0.5379999999999989,426,9.9,17.3,13.9,10.2,0.5,5.9,14.2,26.8,2.0,1.7,3.8,0.175,2.2,4.5,6.7
deyonta,davis,23.9,0.601,0.598,0.0,0.191,242,13.5,19.0,16.5,7.5,0.8,10.2,12.1,19.2,1.7,1.6,3.3,0.204,3.2,7.5,10.8
cheick,diallo,20.5,0.5720000000000001,0.569,0.0,0.466,74,10.5,27.0,19.4,0.9,2.0,11.9,19.4,21.7,0.2,0.6,0.8,0.159,-2.7,6.9,4.2
tyler,ulis,23.9,0.5670000000000001,0.49700000000000005,0.36200000000000004,0.441,666,1.7,7.1,4.6,34.3,2.3,0.3,11.4,23.2,5.4,1.7,7.1,0.221,8.5,1.0,9.6
malcolm,brogdon,25.1,0.585,0.532,0.382,0.31,627,2.1,13.3,7.9,19.5,1.8,0.9,8.3,28.4,4.9,2.1,7.0,0.222,8.5,2.6,11.1
chinanu,onuaku,26.4,0.62,0.62,0.005,0.253,314,13.7,25.8,19.8,12.9,1.9,9.6,20.8,20.5,1.8,2.3,4.2,0.218,3.6,10.2,13.9
patrick,mccaw,21.3,0.591,0.56,0.515,0.294,482,3.6,12.4,8.0,22.7,3.9,1.2,14.2,20.3,2.7,2.2,5.0,0.179,5.1,3.3,8.4
diamond,stone,26.6,0.61,0.568,0.0,0.456,408,12.4,14.5,13.6,4.2,1.3,7.1,12.9,26.7,2.6,1.5,4.1,0.204,2.4,2.9,5.3
stephen,zimmermanjr,17.6,0.519,0.488,0.079,0.47200000000000003,264,8.8,26.5,17.7,6.4,1.1,7.5,17.1,21.9,0.5,1.6,2.1,0.122,-3.8,4.6,0.8
isaiah,whitehead,20.5,0.511,0.45799999999999896,0.434,0.38299999999999895,624,1.8,9.7,5.9,33.0,2.1,4.5,16.4,31.6,2.1,2.1,4.2,0.152,4.3,3.4,7.7
demetrius,jackson,21.0,0.5710000000000001,0.528,0.385,0.32,577,3.0,8.0,5.6,25.1,2.1,0.8,13.3,24.1,3.8,0.6,4.4,0.141,6.3,0.4,6.7
aj,hammons,31.0,0.623,0.601,0.033,0.37799999999999895,431,11.5,24.9,18.7,10.5,0.7,10.4,14.1,28.6,2.7,2.2,4.9,0.24100000000000002,3.9,8.0,11.9
jake,layman,18.8,0.64,0.602,0.514,0.33899999999999897,381,4.4,14.3,9.9,7.0,2.1,3.4,15.8,18.2,2.4,2.0,4.4,0.159,4.8,3.8,8.6
michael,gbinije,20.9,0.574,0.553999999999999,0.47700000000000004,0.32799999999999896,632,3.2,8.8,6.0,26.3,3.1,1.1,15.7,24.9,3.6,2.1,5.7,0.162,6.3,2.3,8.6
georges,niang,25.9,0.625,0.6,0.276,0.23,679,4.8,15.6,10.6,19.2,1.5,1.8,13.8,28.7,4.2,1.4,5.6,0.192,7.3,1.4,8.7
ben,bentil,24.7,0.5670000000000001,0.51,0.29600000000000004,0.465,659,8.4,16.6,12.4,8.0,1.4,3.1,9.3,29.6,3.8,2.0,5.8,0.193,4.9,1.8,6.7
joel,bolomboy,29.1,0.634,0.602,0.163,0.677,552,13.1,31.3,23.0,7.4,1.3,3.6,14.9,26.1,3.8,2.7,6.5,0.248,1.5,2.1,3.5
kahlil,felder,28.7,0.5720000000000001,0.502,0.35,0.461,947,2.2,9.7,6.1,50.0,2.9,0.5,13.9,31.3,6.2,1.4,7.6,0.23600000000000002,9.1,-0.4,8.7
marcus,paige,17.4,0.542,0.503,0.595,0.278,418,1.6,7.0,4.4,18.4,2.1,1.5,9.5,19.4,2.8,1.3,4.1,0.154,6.4,2.3,8.6
daniel,hamilton,20.0,0.49200000000000005,0.444,0.345,0.243,501,3.6,27.0,16.1,29.2,2.0,1.5,15.6,25.1,1.7,3.0,4.7,0.165,2.5,5.7,8.1
abdel,nader,15.8,0.583,0.555,0.415,0.315,415,2.9,14.3,9.0,8.0,1.9,2.1,16.9,21.5,1.5,1.4,2.8,0.10400000000000001,2.6,1.8,4.5
isaiah,cousins,15.8,0.506,0.484,0.38,0.233,508,2.1,11.8,7.3,25.1,2.3,0.8,16.0,21.8,1.9,1.9,3.8,0.122,2.7,2.9,5.6
tyrone,wallace,19.7,0.513,0.47700000000000004,0.245,0.449,446,3.5,14.2,9.1,28.5,1.8,1.3,15.1,27.4,1.8,1.6,3.4,0.149,3.4,3.7,7.1
karl-anthony,towns,31.4,0.627,0.57,0.031,0.523,391,14.2,22.3,18.5,11.6,1.4,11.5,14.2,23.7,3.5,2.9,6.4,0.311,6.5,10.8,17.3
dangelo,russell,26.6,0.573,0.541,0.449,0.303,671,3.6,15.4,9.8,30.1,2.8,1.1,14.8,30.2,4.4,2.4,6.8,0.22899999999999898,8.7,3.0,11.7
jahlil,okafor,30.7,0.640999999999999,0.664,0.0,0.462,609,14.8,18.2,16.6,9.4,1.5,4.5,15.6,27.6,4.5,2.2,6.7,0.235,6.8,4.1,10.9
willie,cauley-stein,23.8,0.588,0.5720000000000001,0.0,0.542,344,11.1,17.3,14.5,7.4,2.9,7.1,13.9,17.8,2.6,3.4,6.0,0.239,4.7,10.0,14.7
stanley,johnson,22.5,0.551,0.501,0.297,0.456,509,8.9,19.1,14.1,11.6,3.2,1.6,14.7,26.6,2.8,2.9,5.7,0.212,4.8,5.4,10.2
frank,kaminsky,34.4,0.628,0.59,0.207,0.41,691,6.0,25.7,16.1,18.4,1.7,4.5,9.8,28.6,6.9,2.9,9.8,0.299,9.5,5.8,15.3
justise,winslow,22.3,0.5720000000000001,0.551,0.309,0.43799999999999895,473,5.4,19.8,13.1,13.2,2.8,2.9,14.2,22.9,3.1,2.5,5.5,0.196,5.1,5.3,10.4
myles,turner,25.5,0.556,0.488,0.241,0.436,310,7.2,24.9,16.7,6.2,0.8,12.3,13.2,25.1,1.9,2.1,4.0,0.213,1.5,7.3,8.7
trey,lyles,19.8,0.5429999999999989,0.496,0.121,0.425,308,9.9,16.1,13.3,9.2,1.4,2.1,12.4,20.8,2.1,2.3,4.4,0.213,3.9,5.1,8.9
devin,booker,19.4,0.6,0.5710000000000001,0.491,0.223,324,2.6,7.8,5.4,10.9,1.3,0.3,10.4,22.8,2.7,1.8,4.5,0.218999999999999,6.9,2.0,8.9
cameron,payne,30.1,0.573,0.534,0.415,0.315,716,2.2,10.6,6.6,40.0,3.6,1.6,12.4,31.5,5.5,1.8,7.3,0.258,8.6,0.3,8.9
kelly,oubre,21.1,0.555,0.512,0.38299999999999895,0.444,303,6.4,19.2,13.2,8.1,3.3,1.8,12.5,23.1,1.7,1.7,3.4,0.18,4.8,3.7,8.6
terry,rozier,22.1,0.509,0.457,0.301,0.33799999999999897,591,3.8,13.9,8.8,19.7,3.5,0.5,11.6,27.8,3.0,3.0,6.0,0.191,4.7,3.7,8.4
rashad,vaughn,20.2,0.547,0.521,0.43,0.299,352,2.3,13.7,8.4,11.8,1.5,1.1,11.8,30.8,1.4,1.1,2.5,0.132,3.0,-1.8,1.3
sam,dekker,25.5,0.605,0.586,0.37200000000000005,0.278,519,8.4,14.8,11.7,8.6,1.1,1.5,7.3,23.2,5.1,1.9,7.0,0.225,8.2,1.8,10.0
jerian,grant,25.5,0.5920000000000001,0.536,0.37,0.511,706,1.3,8.3,5.1,33.6,2.8,1.4,13.4,24.2,6.1,1.6,7.7,0.218,8.0,0.9,8.9
delon,wright,29.2,0.619,0.5489999999999989,0.225,0.565,558,4.0,13.7,9.3,33.0,4.0,3.2,14.2,22.8,5.3,3.1,8.4,0.289,8.8,7.4,16.2
justin,anderson,23.8,0.61,0.5720000000000001,0.47100000000000003,0.371,283,3.1,14.4,9.0,14.0,1.6,2.5,10.7,23.3,2.5,1.8,4.4,0.24100000000000002,7.6,4.6,12.2
bobby,portis,29.5,0.5820000000000001,0.552,0.064,0.335,578,13.6,20.2,16.8,8.8,2.1,4.8,9.4,26.7,4.2,1.9,6.1,0.22699999999999898,5.8,3.1,9.0
rondae,hollis-jefferson,21.8,0.573,0.513,0.105,0.745,435,9.0,20.1,14.8,10.1,2.4,3.4,13.7,20.5,3.1,2.9,5.9,0.218,4.4,6.8,11.2
tyus,jones,20.4,0.575,0.489,0.38299999999999895,0.5,532,1.8,9.9,6.1,27.5,2.7,0.2,15.9,18.7,4.4,2.1,6.5,0.196,6.6,2.8,9.4
jarell,martin,21.6,0.565,0.526,0.131,0.511,531,9.7,18.1,14.1,10.5,1.9,1.8,15.7,24.8,2.7,2.4,5.1,0.174,3.1,2.2,5.3
larry,nance,25.3,0.581,0.5329999999999989,0.11699999999999901,0.40299999999999897,472,6.0,21.1,14.1,20.0,2.3,4.3,14.0,28.5,2.8,2.6,5.4,0.19899999999999898,2.4,4.3,6.7
rj,hunter,25.8,0.552,0.473,0.51,0.447,667,2.8,12.5,7.9,20.3,3.6,3.6,11.0,29.6,4.4,2.5,6.9,0.215,5.4,1.3,6.7
chris,mccullough,18.9,0.508,0.48200000000000004,0.009000000000000001,0.628,146,9.0,18.5,13.8,8.2,3.6,8.5,19.3,20.7,0.3,1.2,1.4,0.126,-1.4,8.2,6.8
kevon,looney,21.9,0.532,0.505,0.165,0.45799999999999896,428,12.2,21.0,16.6,9.1,2.5,3.3,10.3,19.7,2.8,2.0,4.8,0.172,4.2,4.0,8.2
montrezl,harrell,24.8,0.588,0.578,0.098,0.508,521,10.0,19.1,14.5,9.2,1.6,3.7,12.9,22.3,3.6,3.0,6.6,0.214,4.6,4.7,9.2
jordan,mickey,21.7,0.5329999999999989,0.505,0.024,0.38799999999999896,454,10.5,19.6,15.3,7.6,1.5,9.6,18.4,25.0,1.2,2.6,3.9,0.14300000000000002,-0.8,6.3,5.5
anthony,brown,19.5,0.573,0.528,0.439,0.358,523,3.8,18.8,11.4,15.2,1.3,0.6,13.1,21.7,3.6,1.7,5.2,0.159,5.1,1.9,7.0
rakeem,christmas,26.5,0.591,0.552,0.003,0.519,498,10.2,19.6,14.9,10.5,1.7,8.5,14.5,25.8,3.0,2.3,5.4,0.203,3.4,6.2,9.6
richaun,holmes,30.4,0.625,0.594,0.147,0.522,421,11.6,20.9,16.3,7.2,1.5,11.2,14.1,25.6,3.2,2.0,5.1,0.23,3.6,5.7,9.3
darrun,hilliard,23.1,0.5760000000000001,0.5429999999999989,0.528,0.267,444,2.0,10.7,6.5,15.9,3.8,1.3,8.8,25.2,3.3,2.2,5.5,0.218,6.7,3.5,10.2
josh,richardson,22.9,0.56,0.519,0.321,0.311,499,2.9,13.2,7.8,24.4,3.8,2.0,15.7,25.5,3.2,1.4,4.6,0.159,5.8,2.0,7.8
pat,connaughton,19.4,0.615,0.597,0.618,0.18,436,4.2,20.4,13.0,7.6,1.3,2.7,10.2,17.7,3.5,1.9,5.4,0.16,6.1,2.1,8.2
olivier,hanlan,22.2,0.552999999999999,0.519,0.371,0.292,608,2.6,11.5,7.1,29.1,2.1,0.1,13.1,30.1,3.3,1.1,4.4,0.145,6.4,-0.3,6.0
joseph,young,23.2,0.568,0.524,0.431,0.226,701,1.7,11.6,6.9,21.3,1.8,0.1,11.7,28.7,4.4,1.2,5.6,0.17,6.7,-0.7,6.1
andrew,harrison,18.0,0.531,0.446,0.35200000000000004,0.596,388,1.7,8.1,5.1,26.0,2.5,0.9,15.7,21.4,2.6,2.5,5.1,0.205,4.9,4.1,9.0
marcus,thornton,21.8,0.605,0.564,0.5379999999999989,0.324,598,1.0,7.9,4.7,17.5,1.1,0.4,12.4,28.5,4.0,0.7,4.7,0.154,5.0,-5.1,-0.1
norman,powell,19.6,0.54,0.49700000000000005,0.255,0.36200000000000004,531,1.9,13.3,7.6,12.8,3.2,1.5,12.8,25.3,2.5,1.9,4.4,0.14,3.5,2.4,5.8
dakari,johnson,22.3,0.552999999999999,0.506,0.0,0.9229999999999989,256,13.4,19.1,16.5,8.9,1.4,6.1,15.8,22.0,1.6,2.0,3.6,0.22899999999999898,3.0,7.2,10.2
aaron,white,29.3,0.633,0.552999999999999,0.18,0.726,509,7.7,18.5,13.2,10.2,2.6,1.7,8.5,23.5,5.0,2.2,7.2,0.27,8.5,3.3,11.8
tyler,harvey,26.9,0.643,0.6,0.606,0.359,664,2.0,9.6,5.8,13.9,1.8,0.4,10.0,27.5,5.7,0.4,6.1,0.207,7.6,-4.7,2.9
sirdominic,pointer,24.7,0.5660000000000001,0.527,0.075,0.413,465,6.3,17.2,11.9,18.0,3.3,7.4,14.2,21.0,2.8,2.4,5.2,0.18,3.7,7.4,11.1
cady,lalanne,20.8,0.5820000000000001,0.557999999999999,0.07200000000000001,0.5720000000000001,352,13.5,23.4,18.5,2.4,1.2,6.4,20.1,21.3,1.4,1.5,2.9,0.126,-0.1,2.1,2.0
branden,dawson,23.8,0.5329999999999989,0.535,0.0,0.306,408,11.9,23.5,17.9,12.2,2.5,6.3,14.7,23.4,2.0,2.5,4.4,0.168,2.2,7.3,9.5
jp,tokoto,15.9,0.484,0.45,0.11800000000000001,0.43200000000000005,378,6.4,14.3,10.6,24.0,2.9,1.3,20.7,17.9,1.4,1.9,3.3,0.11800000000000001,3.3,5.3,8.6
andrew,wiggins,21.4,0.563,0.499,0.299,0.5379999999999989,564,8.4,12.3,10.4,9.2,2.1,3.1,13.1,26.3,3.2,1.7,4.9,0.17,5.4,3.0,8.5
jabari,parker,28.4,0.557999999999999,0.511,0.212,0.429,623,11.4,23.1,17.1,8.6,2.1,4.0,11.9,32.7,3.6,1.9,5.5,0.205,4.3,2.3,6.6
aaron,gordon,20.4,0.503,0.516,0.11800000000000001,0.47100000000000003,469,10.4,19.3,14.9,13.0,1.8,3.4,10.5,23.2,2.1,3.3,5.4,0.183,2.8,6.7,9.6
marcus,smart,26.9,0.552,0.486,0.425,0.648,589,5.1,14.9,10.2,30.1,5.0,1.9,14.0,29.2,3.1,2.5,5.6,0.22,8.0,5.5,13.5
julius,randle,24.5,0.5670000000000001,0.505,0.046,0.7390000000000001,599,13.3,24.7,19.2,10.0,1.0,2.6,16.1,25.4,3.5,2.4,5.9,0.191,4.2,3.0,7.1
nik,stauskas,22.7,0.642,0.586,0.528,0.518,594,1.6,8.8,5.3,18.8,1.0,0.9,12.0,24.4,5.0,1.1,6.2,0.193,9.0,0.2,9.2
noah,vonleh,22.2,0.604,0.56,0.153,0.62,321,10.8,27.3,19.4,4.9,1.9,5.4,18.6,21.4,1.6,2.0,3.6,0.182,1.2,4.9,6.1
elfrid,payton,25.2,0.551,0.524,0.115999999999999,0.648,732,7.1,11.7,9.4,32.9,3.6,1.7,17.2,27.6,3.7,1.9,5.6,0.177,4.7,2.1,6.8
doug,mcdermott,32.8,0.644,0.603,0.341,0.32899999999999896,788,6.4,17.8,12.6,11.5,0.4,0.5,7.9,36.2,6.3,1.4,7.7,0.261,9.8,-1.6,8.2
zach,lavine,14.6,0.545,0.524,0.444,0.23600000000000002,324,2.4,9.5,6.1,12.6,2.1,0.8,11.6,20.1,1.4,1.2,2.5,0.111,2.8,0.7,3.5
tj,warren,31.3,0.574,0.5479999999999989,0.17800000000000002,0.34700000000000003,775,10.8,12.7,11.8,8.6,3.1,1.8,9.9,35.5,4.7,1.7,6.5,0.209,8.3,0.5,8.8
adreian,payne,25.1,0.607,0.565,0.294,0.39,443,6.8,22.9,15.2,10.2,1.0,3.8,13.1,28.9,2.7,1.7,4.3,0.2,4.5,2.1,6.6
james,young,16.6,0.536,0.498,0.522,0.39299999999999896,527,3.7,11.0,7.5,10.8,1.4,0.6,12.3,23.4,3.0,1.7,4.7,0.145,5.2,0.8,6.0
tyler,ennis,21.3,0.511,0.45299999999999896,0.23600000000000002,0.414,480,2.6,9.0,5.7,32.3,3.9,0.7,11.9,21.9,3.2,2.2,5.5,0.18,5.4,2.3,7.7
gary,harris,22.5,0.561,0.518,0.505,0.312,542,4.0,10.2,7.3,16.8,3.4,1.6,10.3,26.8,3.3,2.0,5.3,0.188,6.9,2.5,9.4
mitch,mcgary,26.2,0.5720000000000001,0.545,0.036000000000000004,0.436,84,15.5,27.1,21.5,12.6,4.9,3.2,16.4,22.5,0.5,0.5,1.0,0.20800000000000002,4.7,7.2,11.9
jordan,adams,28.3,0.603,0.545,0.34,0.441,594,7.5,13.1,10.4,14.7,5.0,0.6,9.4,26.5,4.2,2.2,6.4,0.237,8.7,3.3,12.0
rodney,hood,20.1,0.59,0.55,0.41,0.32799999999999896,507,2.9,11.7,7.2,13.2,1.3,0.8,10.2,23.8,3.6,1.2,4.9,0.17,6.6,0.6,7.2
shabazz,napier,25.5,0.591,0.517,0.433,0.48,745,3.4,15.0,9.7,30.8,3.2,1.0,15.8,27.5,4.9,3.1,7.9,0.226,8.2,4.1,12.3
pj,hairston,27.1,0.586,0.551,0.61,0.306,437,8.4,12.5,10.2,11.2,3.0,1.7,8.4,27.0,3.4,1.2,4.6,0.228,10.1,1.6,11.7
cj,wilcox,22.0,0.598,0.556,0.529,0.271,527,2.3,10.6,6.4,15.4,1.7,2.8,9.9,24.6,3.6,0.9,4.4,0.159,7.2,0.2,7.4
josh,huestis,17.3,0.51,0.488,0.223,0.295,413,8.8,18.4,13.7,6.8,1.0,5.9,9.8,18.0,1.9,2.1,4.0,0.126,1.4,4.7,6.1
kyle,anderson,24.7,0.5660000000000001,0.517,0.154,0.493,603,4.5,25.5,15.4,34.3,3.1,2.7,19.1,24.1,3.1,2.6,5.6,0.188999999999999,4.7,6.2,10.8
kj,mcdaniels,28.4,0.5660000000000001,0.505,0.303,0.402,579,8.8,15.9,12.5,12.8,2.3,8.9,13.3,29.1,3.6,3.1,6.7,0.221,5.6,7.3,12.9
joe,harris-,18.7,0.565,0.547,0.5329999999999989,0.337,407,2.7,9.8,6.3,18.1,2.2,0.9,10.9,23.3,2.6,2.4,5.0,0.187,6.3,3.3,9.6
cleanthony,early,26.5,0.627,0.57,0.45899999999999896,0.46399999999999897,507,5.9,18.6,12.5,6.4,1.8,3.3,12.9,28.8,3.6,2.5,6.1,0.24600000000000002,5.3,1.9,7.1
jarnell,stokes,27.6,0.5760000000000001,0.531,0.0,0.613,575,15.3,23.1,19.2,13.7,1.4,2.9,13.7,24.6,4.2,2.6,6.8,0.22699999999999898,5.8,4.3,10.0
johnny,obryant,18.7,0.526,0.495,0.00699999999999999,0.455,507,10.8,16.6,13.7,11.5,1.0,2.9,17.8,28.5,1.2,1.5,2.7,0.106,0.0,1.2,1.2
deandre,daniels,20.0,0.558999999999999,0.531,0.299,0.222,437,6.3,16.9,12.0,3.6,1.4,5.2,11.2,24.2,2.1,2.4,4.4,0.16,1.2,2.9,4.1
spencer,dinwiddie,24.8,0.667,0.565,0.48100000000000004,0.9079999999999989,248,1.8,9.6,5.8,26.3,2.9,0.8,13.8,21.0,2.2,0.8,3.1,0.231,8.8,1.7,10.5
jerami,grant,21.6,0.547,0.496,0.019,0.664,379,9.1,17.2,13.0,9.4,1.7,2.5,9.5,21.1,2.8,1.9,4.6,0.185,3.3,2.5,5.8
glenn,robinson,18.9,0.5660000000000001,0.532,0.29,0.308,450,6.0,11.5,8.8,7.6,1.9,1.0,9.7,22.3,2.8,1.4,4.2,0.142,4.4,1.6,6.1
nick,johnson,21.5,0.5489999999999989,0.498,0.35700000000000004,0.395,573,3.0,11.1,7.2,17.6,2.1,2.0,10.2,26.3,3.6,3.1,6.7,0.212,5.7,4.6,10.3
markel,brown,22.0,0.591,0.541,0.361,0.483,562,3.5,12.9,8.4,16.9,1.6,3.1,10.0,23.1,3.7,2.0,5.7,0.191,5.9,2.9,8.8
dwight,powell,19.7,0.527,0.475,0.10300000000000001,0.557,537,7.3,17.3,12.5,20.4,2.4,2.8,17.8,26.0,1.8,2.0,3.8,0.131,2.0,4.5,6.5
jordan,clarkson,20.2,0.547,0.48200000000000004,0.244,0.418,605,2.9,9.3,6.4,23.3,1.9,0.6,14.3,27.9,3.2,1.2,4.4,0.142,3.8,0.2,4.0
russ,smith,26.2,0.5760000000000001,0.541,0.376,0.451,662,2.9,9.6,6.2,31.6,4.0,0.4,15.2,30.7,3.9,2.9,6.7,0.249,7.9,3.2,11.1
lamar,patterson,24.2,0.569,0.528,0.45,0.382,591,3.8,14.4,9.2,29.9,2.8,1.2,14.7,29.1,3.6,2.3,5.9,0.2,8.4,3.4,11.7
cameron,bairstow,29.0,0.611,0.557999999999999,0.00699999999999999,0.7,627,8.5,16.5,12.8,11.8,1.0,4.9,10.7,29.9,4.5,2.0,6.5,0.23199999999999898,4.9,2.6,7.5
alec,brown,22.7,0.569,0.536,0.28800000000000003,0.349,412,8.5,12.8,10.8,7.0,1.0,10.9,13.8,26.2,1.9,2.0,3.9,0.17,1.0,3.7,4.6
semaj,christon,19.1,0.544,0.501,0.11699999999999901,0.56,565,1.5,7.4,4.6,25.3,2.3,0.8,14.3,26.9,2.6,1.3,4.0,0.133,3.7,1.2,4.9
roy,devyn-marble,22.6,0.528,0.479,0.342,0.456,534,2.9,8.6,5.9,23.6,3.5,0.8,9.7,28.4,3.0,1.6,4.6,0.187,6.8,1.7,8.5
jordan,mcrae,24.0,0.565,0.513,0.439,0.414,623,2.6,10.0,6.3,17.6,1.3,3.3,11.2,30.4,4.3,2.0,6.2,0.21,7.1,1.3,8.4
xavier,thames,26.5,0.557,0.478,0.35700000000000004,0.514,607,2.1,8.5,5.3,23.7,3.3,0.5,8.2,28.6,4.7,2.8,7.5,0.267,7.9,2.2,10.1
cory,jefferson,23.8,0.552999999999999,0.519,0.10300000000000001,0.5820000000000001,487,11.6,21.0,16.4,7.4,0.8,4.7,9.8,24.2,3.3,1.6,4.9,0.179,3.4,2.5,6.0
anthony,bennett,28.3,0.609,0.58,0.253,0.467,488,10.3,24.0,17.1,8.8,1.5,4.6,12.3,27.5,3.5,2.2,5.7,0.23800000000000002,5.3,3.2,8.5
victor,oladipo,28.9,0.670999999999999,0.648,0.223999999999999,0.428,478,11.8,15.1,13.5,15.2,4.6,2.8,18.5,22.2,4.2,2.6,6.7,0.264,9.7,7.3,17.0
otto,porter,27.3,0.59,0.541,0.29100000000000004,0.449,477,6.7,20.9,13.9,18.5,3.3,3.0,10.0,24.1,4.2,3.0,7.1,0.26,7.2,6.1,13.3
cody,zeller,29.8,0.624,0.564,0.006,0.7340000000000001,567,12.3,20.4,16.6,9.5,2.1,4.4,14.5,26.5,4.8,2.5,7.3,0.27399999999999897,6.1,5.2,11.3
alex,len,24.5,0.57,0.535,0.025,0.47200000000000003,434,13.2,21.0,17.2,7.8,0.5,8.0,13.1,22.8,3.0,2.0,5.0,0.2,2.7,5.3,8.0
nerlens,noel,27.3,0.583,0.59,0.0,0.627,257,10.4,23.9,17.4,9.5,3.9,13.2,17.3,17.4,1.6,2.3,3.9,0.20600000000000002,2.9,11.7,14.6
ben,mclemore,23.2,0.633,0.586,0.435,0.345,530,5.0,13.2,9.4,12.6,1.8,2.2,14.2,23.2,4.2,2.3,6.5,0.217,7.3,2.9,10.0
kentavious,caldwell-pope,27.7,0.579,0.53,0.523,0.39299999999999896,521,4.3,21.3,12.9,16.8,3.8,1.9,11.1,29.2,3.9,2.4,6.2,0.23,8.9,3.2,12.1
trey,burke,28.7,0.569,0.53,0.354,0.29600000000000004,776,1.9,9.6,5.7,37.3,2.8,1.5,11.9,28.3,6.7,1.8,8.6,0.249,9.9,2.3,12.2
cj,mccollum,34.7,0.628,0.58,0.33,0.376,250,4.0,15.8,10.0,24.9,2.7,1.2,12.3,37.2,1.9,0.6,2.4,0.261,8.7,-0.7,8.1
michael,carter-williams,20.9,0.491,0.43799999999999895,0.302,0.47200000000000003,580,4.0,12.7,8.2,40.1,4.7,1.8,22.2,22.2,2.7,3.5,6.1,0.174,4.7,5.2,10.0
steven,adams,23.2,0.555,0.5710000000000001,0.0,0.4,228,15.3,21.0,18.0,5.4,1.9,11.2,14.4,17.7,1.6,1.9,3.5,0.185,3.0,8.8,11.9
kelly,olynyk,36.2,0.675,0.642,0.08800000000000001,0.49700000000000005,516,11.8,22.6,17.4,15.1,1.6,5.1,15.4,30.7,4.7,1.9,6.7,0.315,8.7,4.7,13.4
shabazz,muhammad,21.9,0.528,0.48700000000000004,0.23199999999999898,0.395,520,9.9,9.3,9.6,5.8,1.3,0.4,8.6,29.8,2.9,0.8,3.7,0.149,4.6,-1.9,2.7
shane,larkin,22.6,0.6,0.569,0.445,0.293,537,1.6,11.4,6.5,26.1,3.4,0.3,15.9,21.3,4.3,2.3,6.5,0.19899999999999898,7.4,3.2,10.6
tony,snell,17.0,0.562,0.516,0.48100000000000004,0.299,408,1.6,8.9,5.2,22.4,1.6,1.9,15.6,22.8,2.1,1.5,3.6,0.133,4.1,1.7,5.8
gorgui,dieng,23.8,0.562,0.534,0.0,0.479,352,12.9,23.6,18.1,12.3,2.6,9.4,17.0,17.0,2.5,3.2,5.6,0.218999999999999,4.0,11.0,15.0
mason,plumlee,26.3,0.628,0.599,0.0,0.688,605,9.7,25.1,17.4,11.5,1.7,4.0,17.4,24.5,4.3,2.6,6.9,0.22,4.9,5.7,10.7
solomon,hill,20.1,0.579,0.541,0.423,0.359,468,6.6,13.9,10.2,16.8,2.1,1.8,16.0,21.4,3.3,1.8,5.1,0.17600000000000002,5.9,3.4,9.3
tim,hardaway-jr,17.7,0.5379999999999989,0.516,0.424,0.24100000000000002,505,0.8,16.3,8.4,13.0,1.2,1.4,12.2,23.7,2.8,1.7,4.5,0.136,3.8,2.0,5.8
reggie,bullock,23.7,0.625,0.607,0.5670000000000001,0.205,460,6.7,17.2,11.5,16.6,2.2,0.9,9.9,18.5,4.1,1.6,5.7,0.207,8.9,3.1,12.0
andre,roberson,21.9,0.524,0.515,0.21100000000000002,0.35600000000000004,348,10.6,29.4,20.0,9.4,3.9,4.4,18.7,19.9,1.4,2.9,4.3,0.166,2.1,7.7,9.8
archie,goodwin,16.9,0.509,0.46399999999999897,0.179,0.594,467,5.6,11.2,8.5,16.8,2.1,1.4,18.1,27.2,1.6,1.5,3.1,0.11699999999999901,1.2,1.2,2.4
allen,crabbe,22.3,0.568,0.528,0.39299999999999896,0.297,548,3.3,16.0,9.8,16.2,1.9,1.9,13.5,26.6,3.3,1.8,5.1,0.17,6.2,2.1,8.3
carrick,felix,21.5,0.586,0.569,0.368,0.32299999999999895,481,7.1,20.0,13.6,9.6,2.4,3.2,13.8,21.3,3.0,2.1,5.1,0.165,3.8,2.8,6.6
isaiah,canaan,25.2,0.5760000000000001,0.525,0.509,0.371,650,2.0,10.0,5.9,27.6,2.5,0.4,14.3,30.9,4.5,1.3,5.9,0.207,6.4,-1.7,4.7
glen,rice-jr,23.0,0.539,0.525,0.40399999999999897,0.29600000000000004,266,8.0,20.7,14.2,19.1,2.8,3.3,15.9,25.9,1.3,1.1,2.4,0.156,4.5,2.8,7.3
ray,mccallum,25.7,0.578,0.539,0.298,0.47,617,4.0,14.3,8.7,23.8,3.0,1.8,11.3,24.4,4.7,1.3,6.0,0.2,6.5,0.5,7.1
tony,mitchell,20.8,0.53,0.48700000000000004,0.314,0.494,395,8.4,23.1,15.4,5.7,1.8,8.5,16.6,22.7,1.6,1.8,3.3,0.128,-0.1,2.9,2.8
nate,wolters,32.0,0.604,0.5489999999999989,0.33899999999999897,0.461,750,3.7,15.4,9.5,34.3,2.8,0.4,11.2,29.8,7.0,1.6,8.5,0.272,9.3,-0.3,9.0
jeff,withey,27.2,0.621,0.583,0.003,0.604,467,8.8,22.3,16.1,6.2,1.4,13.7,15.1,21.5,3.4,3.2,6.6,0.231,2.7,9.9,12.6
grant,jerrett,16.6,0.535,0.513,0.513,0.14300000000000002,170,7.6,17.9,12.7,5.7,1.6,5.8,10.4,15.6,1.2,1.1,2.3,0.15,2.7,4.7,7.4
jamaal,franklin,24.8,0.536,0.461,0.36700000000000005,0.546,544,6.2,28.8,17.3,21.6,2.9,2.6,17.9,29.9,2.5,2.8,5.3,0.20199999999999899,4.4,5.2,9.6
pierre,jackson,26.0,0.574,0.514,0.484,0.474,749,2.2,10.3,6.2,40.7,2.5,0.0,16.4,29.5,5.3,1.6,7.0,0.222,9.8,0.8,10.6
mike,muscala,35.7,0.575,0.513,0.036000000000000004,0.509,624,11.8,31.1,21.8,18.5,1.0,7.8,9.5,31.6,5.3,3.0,8.3,0.307,5.7,6.0,11.7
erick,green,31.6,0.5920000000000001,0.53,0.285,0.485,753,1.4,11.6,6.3,27.0,2.1,0.6,9.3,32.4,6.2,0.3,6.5,0.222,11.3,-1.8,9.5
ryan,kelly,23.5,0.586,0.535,0.392,0.401,286,6.9,15.4,11.2,11.0,1.4,5.4,8.4,21.4,2.4,1.1,3.5,0.21,6.5,4.8,11.0
erik,murphy,24.4,0.643,0.629,0.5,0.16,394,7.8,19.2,13.5,11.0,1.5,3.1,13.0,22.5,3.6,2.4,6.0,0.253,7.8,4.6,12.4
james,ennis,25.3,0.616,0.565,0.415,0.40700000000000003,517,6.9,17.0,11.9,14.4,3.1,4.2,18.3,24.9,3.4,1.4,4.7,0.17300000000000001,5.6,2.0,7.5
romero,osby,28.9,0.604,0.539,0.051,0.586,473,8.2,21.4,14.6,10.2,1.3,3.2,9.0,26.0,4.2,1.4,5.6,0.244,6.5,2.4,8.9
lorenzo,brown,19.9,0.509,0.449,0.228,0.419,500,2.4,12.3,7.5,36.7,3.4,1.6,22.2,22.8,2.3,1.3,3.6,0.127,3.5,2.3,5.8
colton,iverson,27.4,0.602,0.596,0.0,0.723,477,13.3,28.2,20.4,9.9,1.2,2.9,14.3,23.8,3.9,1.8,5.7,0.218999999999999,5.5,2.7,8.2
arsalan,kazemi,24.4,0.627,0.595,0.005,0.795,340,11.5,31.5,21.2,9.2,4.1,2.4,16.6,15.2,2.7,3.0,5.7,0.226,4.3,7.4,11.7
peyton,siva,17.5,0.513,0.45899999999999896,0.384,0.285,463,1.1,8.1,4.5,34.3,4.3,0.6,21.3,20.0,2.3,3.0,5.3,0.17,4.0,3.7,7.7
alex,oriakhi,27.2,0.674,0.639,0.0,0.657,361,14.1,23.7,18.9,2.6,1.3,6.4,14.2,18.5,3.4,1.6,5.1,0.23,4.8,3.8,8.6
deshaun,thomas,24.2,0.551,0.506,0.358,0.29,651,5.8,15.0,10.3,8.6,0.9,1.0,7.3,29.1,4.8,2.0,6.9,0.209,6.8,0.3,7.1
anthony,davis,35.1,0.654,0.628,0.059000000000000004,0.602,550,11.6,25.6,19.0,7.5,2.5,13.7,8.6,18.8,5.9,4.1,9.9,0.31,7.8,10.8,18.7
michael,kidd-gilchrist,21.2,0.57,0.511,0.156,0.589,497,10.3,17.3,14.0,10.8,1.9,2.8,17.3,20.6,3.4,2.6,6.0,0.192,5.0,4.1,9.1
bradley,beal,22.0,0.575,0.525,0.473,0.44,522,4.8,20.3,12.3,12.7,2.5,2.6,14.3,23.0,3.6,2.1,5.7,0.18,5.3,3.3,8.6
dion,waiters,26.3,0.565,0.534,0.317,0.331,430,2.4,8.8,5.6,21.2,4.6,1.5,10.4,26.7,3.2,1.7,5.0,0.223,7.4,2.4,9.8
thomas,robinson,27.4,0.5489999999999989,0.512,0.027000000000000003,0.462,660,11.1,33.0,22.2,13.1,2.0,2.9,14.2,30.0,3.7,3.5,7.2,0.231,3.0,4.7,7.7
damian,lillard,34.0,0.635,0.562,0.465,0.519,746,1.9,15.8,9.0,27.1,2.5,0.7,10.7,33.0,6.7,1.4,8.0,0.29100000000000004,10.3,-1.4,8.8
harrison,barnes,21.2,0.528,0.48700000000000004,0.263,0.374,571,6.9,11.9,9.4,7.2,2.0,1.1,10.8,28.1,3.1,1.9,5.0,0.18100000000000002,4.5,1.7,6.2
terrence,ross,22.3,0.557999999999999,0.534,0.413,0.2,504,4.7,19.2,11.6,9.2,2.3,3.0,12.0,25.3,3.0,1.8,4.9,0.17800000000000002,4.5,2.2,6.7
andre,drummond,21.9,0.509,0.5379999999999989,0.00699999999999999,0.301,328,14.2,17.0,15.6,3.4,1.8,9.9,13.5,20.9,1.4,1.5,2.9,0.121,0.7,5.3,6.0
austin,rivers,16.9,0.5379999999999989,0.505,0.396,0.45799999999999896,488,2.2,10.0,6.0,13.0,1.7,0.1,13.9,25.2,2.4,1.0,3.5,0.124,3.7,0.0,3.7
meyers,leonard,24.1,0.618,0.586,0.038,0.436,409,9.1,25.9,17.1,9.9,0.9,6.9,16.2,22.0,2.9,1.8,4.6,0.182,2.8,5.4,8.2
jeremy,lamb,22.1,0.589,0.556,0.465,0.267,524,3.0,12.2,7.7,10.1,2.1,1.7,11.7,23.9,3.9,1.3,5.2,0.165,6.7,0.8,7.6
kendall,marshall,17.2,0.557999999999999,0.529,0.35100000000000003,0.35100000000000003,420,0.5,7.9,4.2,45.1,2.0,0.5,27.8,13.9,2.6,1.8,4.4,0.147,3.8,0.4,4.2
john,henson,24.7,0.505,0.5,0.0,0.32899999999999896,439,9.0,27.1,17.9,8.0,1.1,9.6,8.7,23.1,2.3,2.7,5.0,0.195,1.6,8.0,9.6
maurice,harkless,21.1,0.504,0.47200000000000003,0.185,0.326,476,8.4,20.3,14.0,9.6,2.6,4.2,14.0,24.9,1.8,1.3,3.2,0.109,1.4,2.0,3.4
royce,white,22.8,0.536,0.54,0.037000000000000005,0.625,528,9.4,26.2,17.7,34.5,2.2,3.0,23.4,26.5,2.1,2.0,4.1,0.152,3.1,5.7,8.9
tyler,zeller,29.9,0.616,0.552999999999999,0.0,0.563,580,14.1,21.9,17.9,6.3,1.7,5.3,12.6,24.5,4.6,2.5,7.1,0.265,6.5,5.1,11.6
terrence,jones,24.3,0.547,0.523,0.138,0.446,465,10.7,17.5,14.3,8.7,2.7,5.8,12.6,22.4,3.1,2.7,5.8,0.209,4.7,5.7,10.4
andrew,nicholson,31.6,0.638,0.601,0.138,0.429,515,11.1,25.1,18.1,9.4,1.3,7.3,14.7,29.5,4.0,1.7,5.8,0.24,5.7,3.0,8.6
jared,sullinger,30.2,0.591,0.5379999999999989,0.091,0.519,610,12.4,25.8,18.9,8.6,2.3,4.0,11.5,27.9,4.8,3.0,7.9,0.28,6.3,5.3,11.6
fab,melo,20.7,0.581,0.5660000000000001,0.0,0.34700000000000003,237,12.3,14.6,13.5,5.0,1.2,13.0,17.6,16.5,1.5,1.5,3.0,0.156,2.1,8.3,10.5
john,jenkins,26.0,0.655999999999999,0.62,0.665999999999999,0.33399999999999896,579,1.7,9.1,5.4,8.4,1.5,1.0,9.4,26.2,5.4,1.1,6.5,0.223,10.3,-0.6,9.7
jared,cunningham,22.1,0.568,0.507,0.336,0.614,609,3.4,10.4,6.8,15.7,4.1,1.2,15.2,26.0,3.4,1.6,5.0,0.162,4.3,0.5,4.8
tony,wroten,20.4,0.488,0.45299999999999896,0.125,0.591,579,8.0,10.7,9.3,24.5,3.5,1.2,18.7,31.2,1.6,1.6,3.2,0.12,2.4,2.8,5.0
miles,plumlee,21.8,0.621,0.61,0.0,0.521,247,16.6,24.6,20.6,5.1,1.5,4.2,18.7,16.1,1.9,1.2,3.1,0.177,3.8,3.7,7.5
arnett,moultrie,25.2,0.61,0.561,0.055,0.485,479,12.2,23.5,17.7,7.0,1.4,2.1,15.3,23.3,3.6,1.4,5.0,0.18600000000000003,4.0,0.9,4.8
perry,jones,21.2,0.539,0.514,0.091,0.28,421,11.0,19.8,15.4,8.7,1.6,2.1,12.0,23.3,2.7,1.6,4.2,0.16699999999999898,3.0,2.0,5.0
marquis,teague,13.2,0.491,0.449,0.22699999999999898,0.33799999999999897,457,1.6,7.1,4.5,25.6,1.7,0.8,21.1,20.2,1.7,1.8,3.5,0.10800000000000001,1.9,1.1,3.0
festus,ezeli,21.0,0.5670000000000001,0.539,0.0,0.8420000000000001,254,13.0,19.2,16.1,2.9,1.1,9.0,20.1,25.2,1.1,1.0,2.1,0.14,-0.7,4.3,3.6
jeffery,taylor,23.7,0.58,0.57,0.366,0.369,546,8.4,13.3,10.9,12.6,2.4,1.4,13.6,26.4,3.6,1.6,5.2,0.18,6.4,2.2,8.6
bernard,james-,23.3,0.602,0.606,0.0,0.44799999999999895,359,13.6,21.4,17.6,3.6,1.6,9.5,18.9,20.0,2.0,2.3,4.3,0.17600000000000002,1.8,6.7,8.0
jae,crowder,28.8,0.598,0.568,0.406,0.37200000000000005,551,7.0,22.6,14.7,13.5,4.3,3.1,7.9,23.4,4.5,3.1,7.6,0.263,8.8,5.9,14.7
draymond,green,26.1,0.542,0.504,0.284,0.36700000000000005,610,8.2,30.7,19.8,24.2,2.7,3.3,16.8,28.2,3.5,3.6,7.1,0.23,5.5,7.2,12.7
orlando,johnson,26.0,0.56,0.527,0.35700000000000004,0.397,569,5.8,13.8,9.9,19.0,2.0,2.4,12.2,30.5,4.0,1.2,5.2,0.193999999999999,5.4,-0.8,4.6
quincy,acy,23.5,0.638,0.5820000000000001,0.018000000000000002,0.635,436,10.9,20.0,15.5,6.5,1.8,6.6,16.6,19.0,3.5,2.0,5.6,0.198,4.2,5.3,9.5
quincy,miller,19.4,0.541,0.485,0.223,0.369,377,7.5,17.5,12.5,11.6,1.7,2.9,15.4,23.9,2.1,1.3,3.5,0.153,2.5,2.4,4.8
khris,middleton,18.9,0.486,0.455,0.313,0.21100000000000002,251,5.4,17.1,11.0,20.0,2.1,1.0,13.7,29.7,0.7,0.9,1.6,0.114,2.6,1.9,4.5
will,barton,26.6,0.5870000000000001,0.55,0.237,0.396,617,7.6,20.2,14.2,17.4,2.4,2.1,12.3,25.8,4.6,2.6,7.2,0.23199999999999898,6.7,3.6,10.4
tyshawn,taylor,19.8,0.569,0.5379999999999989,0.321,0.42,635,0.7,7.5,4.2,29.7,2.4,0.5,19.5,27.5,3.1,2.1,5.2,0.159,5.0,1.0,6.0
doron,lamb,19.2,0.624,0.5770000000000001,0.442,0.40399999999999897,482,1.5,8.2,5.1,8.8,0.9,0.2,9.1,19.7,4.6,1.6,6.2,0.19699999999999898,7.2,-0.2,7.1
mike,scott,30.7,0.62,0.5710000000000001,0.052000000000000005,0.45,522,9.7,26.2,18.0,10.7,1.4,1.8,12.6,30.9,4.2,2.6,6.8,0.27,5.3,2.7,8.0
kim,english,20.6,0.657999999999999,0.64,0.518,0.366,446,3.4,13.0,8.3,8.6,2.3,0.9,13.3,20.0,3.7,1.3,5.0,0.171,7.2,1.0,8.2
justin,hamilton,22.7,0.552999999999999,0.498,0.038,0.428,408,11.8,17.2,14.2,7.0,1.5,4.7,12.9,22.6,2.6,1.7,4.3,0.172,2.8,3.6,6.5
darius,miller,18.1,0.593,0.5660000000000001,0.493,0.228,384,4.3,7.9,6.2,14.4,1.9,1.2,14.8,19.2,2.9,1.6,4.5,0.17300000000000001,6.6,1.5,8.1
kevin,murphy,20.8,0.5489999999999989,0.518,0.353,0.32,608,3.3,16.7,9.8,16.3,1.4,0.7,14.8,32.3,2.7,0.9,3.7,0.128,1.5,-2.7,-1.2
kyle,oquinn,28.6,0.616,0.581,0.08900000000000001,0.626,548,12.0,27.9,19.8,10.9,1.3,9.2,17.0,24.9,3.7,2.5,6.2,0.218999999999999,2.5,4.2,6.7
kris,joseph,19.7,0.534,0.486,0.379,0.40299999999999897,462,5.5,11.6,8.6,8.7,2.6,2.2,10.6,22.5,3.0,2.0,5.0,0.168,4.6,2.2,6.8
darius,johnson-odom,20.1,0.568,0.529,0.426,0.35100000000000003,551,2.3,10.1,6.1,17.7,1.6,0.4,12.7,27.2,3.1,1.5,4.7,0.16699999999999898,5.7,0.2,5.9
robbie,hummel,25.7,0.54,0.495,0.40399999999999897,0.295,533,5.5,24.3,14.0,12.6,1.3,4.2,5.7,26.3,4.2,1.4,5.6,0.19699999999999898,6.0,2.1,8.1
marcus,denmon,25.6,0.621,0.574,0.558999999999999,0.308,561,3.9,15.1,9.6,11.5,2.7,0.1,7.6,23.6,5.2,1.5,6.7,0.221,9.0,0.4,9.3
robert,sacre,22.3,0.595,0.511,0.009000000000000001,0.86,370,9.9,20.2,15.1,5.7,0.8,5.8,15.7,22.9,2.6,1.6,4.2,0.193999999999999,1.4,3.5,4.9
kyrie,irving,32.5,0.6970000000000001,0.615,0.375,0.6829999999999989,189,2.3,10.6,6.7,29.8,3.0,1.8,16.4,26.4,1.8,0.6,2.4,0.32,10.8,3.5,14.3
derrick,williams,32.8,0.69,0.65,0.195,0.871,675,11.8,21.9,17.0,8.7,1.9,2.3,15.7,28.9,6.0,1.9,7.9,0.27899999999999897,9.2,2.6,11.8
tristan,thompson,24.2,0.536,0.546,0.0,0.8290000000000001,475,14.0,13.7,13.8,8.1,1.8,7.2,12.7,22.4,2.8,2.7,5.5,0.2,3.9,7.2,11.1
brandon,knight,19.3,0.552999999999999,0.508,0.45,0.33299999999999896,652,2.2,10.2,6.3,23.4,1.1,0.6,16.8,27.0,3.6,1.8,5.3,0.157,5.4,0.5,5.9
kemba,walker,29.9,0.5429999999999989,0.478,0.307,0.426,930,3.9,11.5,7.9,28.0,3.1,0.5,9.5,32.4,7.3,2.4,9.7,0.251,10.2,2.7,12.9
jimmer,fredette,30.9,0.594,0.5329999999999989,0.409,0.369,986,2.0,8.3,5.2,28.8,2.1,0.1,12.7,37.8,6.6,1.9,8.5,0.256,10.2,-0.7,9.5
klay,thompson,26.1,0.574,0.525,0.446,0.336,694,2.6,14.0,8.6,25.0,2.8,3.1,15.3,32.8,3.7,2.2,5.8,0.198,6.8,3.2,10.1
alec,burks,29.4,0.574,0.495,0.179,0.564,771,9.2,14.8,12.1,19.6,2.0,1.0,12.7,32.3,5.6,1.0,6.6,0.221,7.3,-0.1,7.2
markieff,morris,29.1,0.642,0.627,0.17800000000000002,0.462,485,13.9,24.7,19.7,11.0,1.9,4.9,16.2,25.5,3.6,2.4,6.0,0.257,6.7,5.6,12.3
marcus,morris,29.3,0.625,0.601,0.18100000000000002,0.511,600,11.5,19.0,15.5,11.4,1.7,2.4,11.4,26.9,4.9,2.3,7.2,0.268999999999999,7.8,3.4,11.2
kawhi,leonard,26.5,0.512,0.47100000000000003,0.18100000000000002,0.305,567,11.4,26.2,19.0,16.0,2.7,1.9,12.3,27.6,3.6,3.2,6.8,0.231,3.9,5.2,9.1
nikola,vucevic,27.1,0.578,0.539,0.195,0.38299999999999895,558,9.8,25.6,17.7,11.0,0.9,4.4,10.3,25.5,4.2,2.4,6.6,0.221,5.1,4.4,9.5
iman,shumpert,25.4,0.517,0.45399999999999896,0.34600000000000003,0.401,528,5.7,16.4,10.6,25.7,5.0,0.7,12.2,29.1,2.8,2.1,4.9,0.196,6.3,3.4,9.8
chris,singleton,21.9,0.531,0.495,0.332,0.441,344,8.2,17.0,12.8,8.9,3.9,5.9,15.0,24.5,1.5,2.4,3.9,0.191,2.6,6.9,9.5
tobias,harris,23.8,0.54,0.489,0.188999999999999,0.423,476,7.5,20.6,14.0,10.4,1.4,3.4,11.4,27.2,2.9,1.5,4.4,0.177,3.3,2.3,5.5
nolan,smith,25.7,0.564,0.508,0.287,0.405,779,4.1,10.1,7.2,30.3,2.0,0.2,14.8,30.7,5.1,2.3,7.4,0.233999999999999,7.3,2.3,9.6
kenneth,faried,34.7,0.619,0.623,0.0,0.644,588,20.0,31.4,25.6,7.4,3.4,8.8,15.8,24.5,4.7,3.6,8.3,0.272,4.0,5.9,9.9
reggie,jackson,26.9,0.618,0.585,0.389,0.315,609,3.9,11.3,7.8,29.7,1.9,1.7,13.9,27.2,5.0,0.6,5.6,0.193,9.0,0.2,9.1
marshon,brooks,28.8,0.584,0.542,0.345,0.384,720,6.3,14.2,10.2,16.0,2.3,3.0,12.7,30.6,4.8,1.2,5.9,0.203,8.4,1.2,9.5
jordan,hamilton,25.6,0.55,0.522,0.424,0.221,612,7.0,18.5,12.9,14.6,1.6,1.8,11.2,29.1,4.0,2.7,6.7,0.231,7.2,3.3,10.4
jajuan,johnson,28.8,0.564,0.509,0.098,0.402,617,7.9,20.2,14.1,6.4,1.5,6.7,8.3,29.1,4.3,2.9,7.2,0.23800000000000002,3.7,4.9,8.6
norris,cole,30.0,0.557999999999999,0.483,0.26,0.465,788,2.5,16.5,9.5,37.0,3.7,0.3,12.2,32.1,5.6,2.7,8.3,0.258,8.0,2.7,10.7
cory,joseph,15.1,0.526,0.503,0.391,0.22699999999999898,372,2.2,9.5,6.0,17.3,1.9,0.9,13.1,17.3,2.2,2.2,4.4,0.152,3.9,3.7,7.7
jimmy,butler,24.0,0.5870000000000001,0.516,0.152,0.628,569,8.2,12.0,10.1,13.2,2.4,1.1,9.8,21.3,4.8,1.5,6.3,0.198,7.0,2.4,9.4
justin,harper,29.0,0.642,0.618,0.375,0.257,561,6.5,18.6,12.8,8.9,1.2,4.0,9.8,26.8,4.8,2.3,7.1,0.24,7.4,1.5,8.9
kyle,singler,20.0,0.536,0.491,0.379,0.305,598,8.0,13.3,10.8,8.8,1.5,0.8,10.7,24.7,3.7,2.5,6.1,0.191,4.6,2.2,6.8
shelvin,mack,21.0,0.537,0.496,0.499,0.316,593,2.6,14.4,8.4,24.9,1.5,0.3,14.1,28.6,3.3,1.6,5.0,0.163,5.3,1.0,6.3
tyler,honeycutt,17.4,0.519,0.483,0.428,0.299,415,5.3,17.8,11.9,16.8,1.5,5.5,19.8,22.3,1.2,2.1,3.3,0.115,2.0,5.3,7.3
jordan,williams,25.2,0.552,0.5379999999999989,0.0,0.5760000000000001,512,12.6,26.0,19.5,3.9,1.2,4.1,9.5,24.5,3.1,2.6,5.7,0.21100000000000002,2.0,3.1,5.1
trey,thompkins,24.2,0.536,0.51,0.184,0.295,433,7.3,20.4,14.2,11.1,2.2,5.7,14.2,29.9,1.9,2.0,3.8,0.163999999999999,1.9,3.9,5.8
chandler,parsons,19.7,0.551,0.546,0.36200000000000004,0.3,440,7.3,19.3,13.4,21.6,1.7,1.3,18.0,19.2,2.7,2.2,5.0,0.162,5.2,4.3,9.5
jon,leuer,28.7,0.568,0.526,0.302,0.27699999999999897,558,6.3,22.6,14.1,12.8,1.0,3.1,9.0,31.1,4.6,1.7,6.3,0.221,6.3,1.9,8.3
darius,morris,22.7,0.545,0.509,0.156,0.36700000000000005,609,3.2,10.8,7.0,44.2,1.9,0.1,17.6,27.3,3.8,1.5,5.3,0.17300000000000001,5.4,2.0,7.4
malcolm,lee,15.3,0.552999999999999,0.49700000000000005,0.409,0.446,398,2.6,7.8,5.3,12.9,1.2,0.6,12.5,20.8,2.4,1.1,3.6,0.131,3.7,0.4,4.1
charles,jenkins,31.4,0.635,0.585,0.326,0.45899999999999896,706,1.8,8.8,5.3,31.5,2.9,1.9,11.1,28.7,6.4,0.9,7.3,0.23600000000000002,10.0,-1.1,8.9
josh,harrellson,22.3,0.616,0.615,0.048,0.268999999999999,324,15.2,18.9,17.1,5.1,2.0,5.2,10.7,12.5,3.2,2.3,5.5,0.204,5.4,6.0,11.4
andrew,goudelock,26.7,0.575,0.5489999999999989,0.461,0.192,830,2.3,9.9,6.3,26.4,1.5,0.5,13.5,34.5,5.3,1.2,6.5,0.19899999999999898,6.5,-2.6,4.0
travis,leslie,24.9,0.561,0.51,0.11900000000000001,0.37799999999999895,486,12.2,13.6,12.9,20.6,2.3,2.0,14.3,24.4,3.4,1.7,5.2,0.195,6.2,3.3,9.4
keith,benson,28.8,0.584,0.557999999999999,0.055,0.578,579,9.5,24.1,17.2,6.2,1.4,9.8,10.9,24.9,4.0,1.7,5.7,0.20199999999999899,1.6,3.6,5.2
josh,selby,11.9,0.489,0.461,0.48700000000000004,0.192,205,2.4,9.7,6.3,17.8,2.3,0.2,20.1,24.4,0.4,0.9,1.3,0.098,0.9,1.9,2.8
lavoy,allen,20.3,0.519,0.488,0.053,0.308,397,9.3,20.2,14.8,13.6,1.3,5.4,12.8,19.8,2.2,2.4,4.6,0.163,1.2,5.3,6.6
jon,diebler,19.6,0.723,0.706,0.794,0.276,408,1.3,7.9,4.6,11.6,1.7,0.4,9.8,14.4,4.7,2.1,6.8,0.207,9.8,2.7,12.6
vernon,macklin,22.2,0.578,0.593,0.0,0.317,382,10.9,15.0,13.0,7.7,0.9,3.1,14.5,25.1,2.2,1.4,3.6,0.16,2.8,2.1,4.9
deandre,liggins,14.5,0.523,0.49200000000000005,0.348,0.39799999999999897,338,2.2,11.8,7.2,14.2,2.3,2.3,14.9,15.8,1.8,2.1,3.9,0.129,2.9,4.3,7.2
etwaun,moore,23.9,0.545,0.518,0.354,0.285,573,5.1,12.5,8.8,20.9,2.2,1.6,9.8,28.0,3.7,2.2,5.9,0.205,7.1,3.4,10.5
isaiah,thomas,22.9,0.563,0.517,0.408,0.498,625,2.5,9.5,6.0,32.7,2.3,0.2,16.6,26.2,4.0,1.5,5.5,0.19899999999999898,7.2,1.2,8.4
